date,Baseline_V7.3,Idea_H_ConvexExit,Idea_I_TLT_Bear,Idea_J_QQQ/IWM,Idea_K_VIX_ScaleUp,Idea_L_DBC_Tilt,Idea_M_Tier1_Size,Ideas_H+I+K,Ideas_H+I+J+K,All_6_combined
2004-01-31,98952.25,98952.25,98952.25,98952.25,98952.25,98952.25,98952.25,98952.25,98952.25,98952.25
2004-02-29,98655.39325,98655.39325,98655.39325,98655.39325,98655.39325,98655.39325,98655.39325,98655.39325,98655.39325,98655.39325
2004-03-31,98359.42707024999,98359.42707024999,98296.79997025,98359.42707024999,98359.42707024999,98359.42707024999,98359.42707024999,98296.79997025,98296.79997025,98296.79997025
2004-04-30,97515.35502127175,97515.35502127175,97427.9091368995,97515.35502127175,97515.35502127175,97515.35502127175,97515.35502127175,97427.9091368995,97427.9091368995,97427.9091368995
2004-05-31,97222.80895435823,97222.80895435823,97135.6254076658,97222.80895435823,97222.80895435823,97222.80895435823,97222.80895435823,97135.6254076658,97135.6254076658,97135.6254076658
2004-06-30,96931.14052564545,96931.14052564545,96979.14092961975,96931.14052564545,96931.14052564545,96931.14052564545,96931.14052564545,96979.14092961975,96979.14092961975,96979.14092961975
2004-07-31,98414.44503244468,98414.44503244468,98579.74081951464,98414.44503244468,98414.44503244468,98414.44503244468,98414.44503244468,98579.74081951464,98579.74081951464,98579.74081951464
2004-08-31,98119.20169478662,98119.20169478662,98607.52341599287,98119.20169478662,98119.20169478662,98119.20169478662,98119.20169478662,98607.52341599287,98607.52341599287,98607.52341599287
2004-09-30,97824.84408714154,97824.84408714154,98388.53541807014,97824.84408714154,97824.84408714154,97824.84408714154,97824.84408714154,98388.53541807014,98388.53541807014,98388.53541807014
2004-10-31,96978.11252837411,96902.85670942864,97686.85017585238,96978.11252837411,96978.11252837411,96978.11252837411,96978.11252837411,97611.10630288669,97611.10630288669,97611.10630288669
2004-11-30,106816.93554513568,106800.00004729518,107597.58305196778,107374.04587251054,106816.93554513568,106816.93554513568,106816.93554513568,107580.59242307613,108141.72814215862,108141.72814215862
2004-12-31,120382.80542740264,118341.29480120543,121262.6126893297,121219.59795243072,120382.80542740264,120382.80542740264,120382.80542740264,119206.25810752924,120037.53658203255,120037.53658203255
2005-01-31,118086.72829917935,115769.39792630564,118949.43315973616,118432.21727954221,118086.72829917935,118086.72829917935,118086.72829917935,116615.24136394872,116959.20224937022,116959.20224937022
2005-02-28,126307.95867034848,124259.84115698129,127230.73681084985,126797.36537830641,126307.95867034848,126307.95867034848,126307.95867034848,125167.7296782832,125655.1928929617,125655.1928929617
2005-03-31,124765.95732421833,122689.4423066965,125677.48988064838,125011.60012871733,124765.95732421833,124765.95732421833,124765.95732421833,123585.8763377117,123834.1459818374,123834.1459818374
2005-04-30,121881.18968677045,119451.0239387304,122942.91586078635,122057.1221002816,121881.18968677045,121881.18968677045,121881.18968677045,120491.65022401951,120671.24857243,120671.24857243
2005-05-31,134094.28519340543,130870.7566549558,135262.43215172683,134777.42664338852,134094.28519340543,134094.28519340543,134094.28519340543,132010.89910934598,132691.2873702472,132691.2873702472
2005-06-30,145804.9124729131,141599.85352777038,147075.07593409688,146254.6599886324,145804.9124729131,145804.9124729131,145804.9124729131,142833.46846589656,143282.58029181484,143282.58029181484
2005-07-31,146957.51377850317,141944.46920158257,148235.75861610952,147970.71371793022,146957.51377850317,146957.51377850317,146957.51377850317,143179.15730670642,144174.94562604686,144174.94562604686
2005-08-31,153087.78108342475,148099.91452977125,154419.359708364,153952.28274516625,153087.78108342475,153087.78108342475,153087.78108342475,149388.1586854073,150241.1749567339,150241.1749567339
2005-09-30,153476.7651599374,147149.5397929688,154811.72768866806,154333.4698024426,153476.7651599374,153476.7651599374,153476.7651599374,148429.5164236415,149267.3842075588,149267.3842075588
2005-10-31,147705.91674692696,141579.5012241548,148990.6896361686,148827.11772697527,147705.91674692696,147705.91674692696,147705.91674692696,142811.03298187003,143904.07860417824,143904.07860417824
2005-11-30,155236.62082408948,148505.8804859347,156586.89691464778,156967.4033852064,155236.62082408948,155236.62082408948,155236.62082408948,149797.66191226724,151478.07008940875,151478.07008940875
2005-12-31,166021.61736268646,159922.44636041528,167465.70378535223,167674.01389527577,166021.61736268646,166021.61736268646,166021.61736268646,161313.5363340862,162930.1180058788,162930.1180058788
2006-01-31,177127.80854597778,170284.76254324586,178668.52393128735,179310.15141003343,177127.80854597778,177127.80854597778,177127.80854597778,171766.01504264743,173893.9554752238,173893.9554752238
2006-02-28,189120.04947660922,179514.24026617626,190765.08343826796,191485.72053528499,189120.04947660922,189120.04947660922,189120.04947660922,181075.78453783438,183352.419292867,183352.419292867
2006-03-31,225954.40523590698,214439.96794660142,227919.83789037063,229405.79394765088,225954.40523590698,225954.40523590698,225954.40523590698,216305.3251553973,219622.64561256068,219622.64561256068
2006-04-30,236704.8145059349,224414.8649901459,238763.7576608467,240348.87612632258,236704.8145059349,236704.8145059349,236704.8145059349,226366.99155949167,229866.81020376482,229866.81020376482
2006-05-31,181175.1976413229,171733.8468397759,182751.13850360908,183120.87566991133,181175.1976413229,181175.1976413229,181175.1976413229,173227.7273366472,175099.8259380621,175099.8259380621
2006-06-30,162275.57368120085,154350.27829054237,163564.52743340234,164610.55825462218,162275.57368120085,162275.57368120085,162275.57368120085,155576.33533806063,157825.60854847895,157825.60854847895
2006-07-31,167012.1832917134,158755.31685624103,168321.9524932374,169815.18048094938,166500.17689971445,167079.67886500928,167012.1832917134,159509.71947648097,162197.78933843816,162263.38077390625
2006-08-31,177683.8531181,168646.20593822462,179077.31313738468,180977.5924824053,177139.1310552356,177755.63254948973,177683.8531181,169447.60924980612,172601.29136816695,172671.0659668406
2006-09-30,194442.2447005767,183555.44653562727,195967.1292699183,198122.91294680806,193846.146569849,194520.79400541482,194442.2447005767,184427.69853620467,187936.89445072244,188012.86896707542
2006-10-31,204840.49059952988,194362.0050431748,206446.93234104078,209297.50997940198,204212.51059716556,204923.24076800956,204840.49059952988,195285.61622307837,199553.1282105768,199633.7991981125
2006-11-30,229386.1835370596,218071.55131356764,231185.12120616494,234832.05433133597,228682.95311964743,229478.84890445208,229465.97782871863,219107.8309127224,224333.9130799138,224520.18109275072
2006-12-31,232632.10528318054,220436.67932789054,234456.50440144062,237866.17744078,231918.92225739692,232726.082418414,232689.48045955278,221484.2014712618,226491.6282059056,226656.86231616786
2007-01-31,238565.72335101335,225486.30439569135,240436.66693699488,244184.58545943798,237834.34521195525,238662.09769425806,238624.5619428512,226557.8297320652,231919.1871459118,232088.38174527045
2007-02-28,247120.93745905,233947.9497579805,249058.98078566688,252852.6322751453,245621.1952973261,247220.76865316238,247181.88678625287,234352.3876330861,239816.6338694551,239991.5905484383
2007-03-31,237657.89452187356,222046.2828428275,239521.729609652,243200.78002987494,236139.54193401313,237753.90234819538,237716.50942958661,222351.6891991984,227558.85387012013,227724.8684369222
2007-04-30,261140.91653679512,243854.32163062296,263188.9250433149,267474.65759541,259478.90539809008,261246.4141773635,261205.32885426361,244195.85132574177,250141.3950610508,250323.89283400332
2007-05-31,288303.59633671655,271811.27075660764,290564.6280426492,295820.8857186506,285600.40837044263,288420.0665713029,288374.7079482495,271366.71716497105,278466.4213502796,278669.5834317321
2007-06-30,303866.14291648427,285852.5373334614,306249.2352588858,311865.76757602853,301017.0241248135,303988.90095277823,303941.0931050336,285385.01645973534,292930.04109588993,293143.7567226749
2007-07-31,296000.6039604409,274923.10382770427,298322.01528417686,303695.4250872213,293225.22820632317,296120.18400530575,296073.61420259654,274473.45693270286,281644.8638430582,281850.3470482309
2007-08-31,290218.6013854188,270515.73166455823,292926.6831522521,299782.710364695,290406.3116011208,290335.8503074971,290290.19143585325,273193.69962683885,282213.0406906895,282418.93165517465
2007-09-30,306694.67297953507,286399.7305609713,309556.4953590505,317783.064398758,305971.80573734525,306818.5777968852,306770.32667308406,288366.719045757,298809.12966032856,299027.1277432082
2007-10-31,314500.7731528399,292645.18333150184,317435.4317634792,327217.7685237995,316328.7970808937,314529.75739029044,314578.3469424598,297068.7424753405,309093.31508214946,309222.4021157235
2007-11-30,294549.73204929393,274084.46029804455,298450.2420009006,306276.00666241994,296261.7790641627,294577.29132294527,294622.384046394,279305.56238529715,290436.63105320366,290558.341125681
2007-12-31,302926.46049790405,281415.8045901045,308099.96094332513,315526.1791106266,304687.2062812942,303689.34857935685,303001.18182801607,287863.2878493789,299850.5903220387,300703.6408949561
2008-01-31,330249.4104362795,306866.38943616906,336223.9033338586,343915.8997615455,332168.96772379207,331013.707606612,330330.8681369509,314208.7997530331,327227.0420299838,328091.6716728262
2008-02-29,334520.51745037484,310834.29568018124,341262.2132598775,348364.6040799121,335452.46508593735,335295.5066711221,334603.03190291976,317956.7813581029,331131.1144602287,332006.84368292923
2008-03-31,335882.8763363386,312100.19095907564,343900.8170734703,349783.34181427525,339563.2308842291,336661.0244712853,335965.72878335265,323020.0659742816,336404.1927380104,337293.8714526275
2008-04-30,336340.16498176695,312525.09523081937,344011.5749099112,350259.5540362416,345016.16268771637,337119.37243142095,336423.1225237863,327857.6011083874,341442.16240208945,342345.1676489083
2008-05-31,342687.1499991019,318285.3983682539,350503.2292833848,356869.2150904322,351526.8710465807,343481.0658699881,342771.6750839418,333900.40457067895,347735.3520800699,348654.9942254799
2008-06-30,344452.53476417717,319925.7490179415,352835.3248849388,358707.6608956904,353337.791603832,345250.5403198398,344537.4910628647,336122.73439371213,350049.7654238348,350975.53058448865
2008-07-31,367514.48287978093,341354.94210789737,377087.3701024358,382724.0222038992,376994.638300461,368365.91944478004,367605.12989159976,359235.8784076993,374120.57871687465,375110.0051752874
2008-08-31,367622.1884282783,341454.936496453,378141.7256612898,382836.18980283936,377105.1218568162,368473.883707176,367712.8654117592,360240.2726228241,375166.59526867286,376158.7841267165
2008-09-30,375281.63014282094,348569.1831942608,386498.2437955368,390812.62015819305,383803.7785210689,376151.0733435495,375374.1962061178,367093.2654138307,382303.5352664638,383314.59175882465
2008-10-31,417490.5778253462,387773.70708899567,430365.77011523675,434768.3773480763,435041.6613481867,418457.8125152788,417593.55526578665,416473.71666562266,433730.0333527527,434877.1102178749
2008-11-30,425451.95135769394,395168.3847390467,443666.7033650332,443059.23020761774,451662.42875466304,426437.63023156003,425556.8930518291,437369.99254990363,455492.1351912693,456696.7648939826
2008-12-31,435835.95446104626,404813.25970438414,459116.3963723007,453872.9779789618,472194.1563572508,436845.6934595474,435943.4614251267,461765.6629098868,480898.62735903694,482170.4479925083
2009-01-31,498371.06807688787,462897.1396575932,521144.2320081717,518996.09712759935,549267.0563827034,499525.6840086532,498494.0010815887,533339.2239528488,555437.7939639253,556906.7416349504
2009-02-28,505976.3489407763,469961.07315665076,529114.9274634055,526916.115798891,557721.3932263523,507148.5765912332,506101.152708227,541565.5640373412,564004.9903698838,565496.5967733099
2009-03-31,515783.86476137146,479070.49885266245,540157.2973422287,537129.5203304545,580242.5435777765,516978.8204434226,515911.0923483964,564248.1999985508,587627.4646781462,589181.5471337753
2009-04-30,525451.5282265282,488050.02128459787,551726.2605158522,547197.2836600526,591118.3988623263,526668.8830772861,525581.1469763793,576333.134430985,600213.1282604932,601800.4977711705
2009-05-31,576013.7208538098,535013.2000213931,604590.6615446827,599851.9815706635,646800.547931272,577348.203673658,576155.8041183916,630392.0232411011,656511.9100817096,658248.1785917565
2009-06-30,543833.6974371619,506376.4201411275,570814.139026918,566892.9208207096,610665.8968906259,544252.7907750853,543967.8483882896,596650.0579352591,621984.8491785957,622669.6155308574
2009-07-31,600040.5805384637,556489.3445360416,629809.5397404273,628810.1914838374,673780.0998406578,600517.9073540109,600188.5966431634,655696.7996472681,687178.8530996421,687952.2820745043
2009-08-31,611235.797139305,566785.7050350863,641560.1626410247,641051.8614942568,686351.0996268543,609771.0555629925,611386.5729648935,667828.7284289919,700450.5765428239,699001.5126311119
2009-09-30,697939.3444936066,649249.9575586396,732565.199291481,734337.5655780223,783709.7155593506,696283.9965320749,698111.500143083,764994.1884322618,804939.7163509001,803294.3387499455
2009-10-31,630530.348915134,589660.8251561417,661811.9359478957,660557.5320536967,708016.7734811372,629034.8619702396,630685.8787781569,694781.8790969951,727917.10102636,726429.1480298399
2009-11-30,634652.4709397538,595389.2211791694,666138.5645558315,667240.5350295991,712645.4708275215,633147.2142436607,634809.0171700545,701531.4977115071,737602.1390809354,736094.3830993165
2009-12-31,761629.640259682,702986.2547279465,799415.2713081929,803086.835230962,855226.976214221,759823.2101669003,761303.403611691,828310.2543291141,873470.6281118162,871094.8069000102
2010-01-31,731833.9540126862,674875.8802736064,768141.3720946762,768535.2403266821,821769.6639022188,730098.1925074263,731521.8066280696,795188.5393950754,835138.0266320665,832868.0010283889
2010-02-28,698303.0368941834,645534.5677673348,732946.9749574488,735115.1023036451,784118.196209783,696646.8060440241,698424.1641984497,760616.5758188411,800786.4996585335,799008.6670345385
2010-03-31,759770.6553029601,697610.96262127,797464.1011560326,803540.6380621181,853139.6314372935,757968.630853791,759902.4534805353,821976.8377597348,869428.0161139572,867497.7913283492
2010-04-30,833138.6367901518,762110.4297159162,874471.9862561832,884037.6715705004,935523.8759528287,831162.5952533341,833283.1597676665,897974.880271375,952951.8633839698,950836.2049333083
2010-05-31,794538.996820812,725529.3685727885,835658.20252962,842216.7112185878,889472.7951783508,791884.6075779223,794676.8229551158,854015.9474281186,905373.2013093287,902484.1704305895
2010-06-30,781473.6636264055,713598.8580531806,826498.2169689407,828318.394055019,895577.3766220838,778861.048686386,781609.2238064824,864591.4336373539,916478.8603512861,913550.096839
2010-07-31,790527.4736363954,721866.2992472174,835985.918894836,837914.925611232,905953.1410883736,787884.5902546077,790664.5996140573,874516.4257854994,926999.4902895453,924037.101444525
2010-08-31,789250.3406085687,730897.8643650592,840070.8462055482,837403.4688890364,903656.0903718862,786580.8558271388,789387.2348209124,890417.9970517447,944811.823907193,941757.196153596
2010-09-30,821574.0691209745,756705.3882992578,870937.010033775,871699.3102804581,940665.3049572264,818795.2617019586,821716.5723153464,918127.5030188919,974214.039922985,971064.3607754544
2010-10-31,841396.761874114,776863.6314592407,891950.714027462,896052.7945064699,963361.3940314327,838550.9039364442,841542.6949267227,942585.942475791,1003890.4253503131,1000644.7918446787
2010-11-30,951705.4239222922,869738.0744604903,1008887.0967447504,1013262.7837386555,1086376.2370816516,950576.7540375073,951870.4903645894,1052081.9729018374,1120231.596278193,1119067.9638885185
2010-12-31,1034570.9401983054,942460.3155102989,1096731.444972887,1106565.3058101705,1185637.5861742313,1034609.9085545646,1034750.3746635233,1144588.4827604028,1224335.2231984355,1224558.671758447
2011-01-31,1108808.8933898532,1008542.2746308671,1175429.9271110275,1185705.0643687232,1270732.516297886,1108851.689212614,1109001.2047037818,1224859.4194498712,1309910.4531612468,1310150.7251202916
2011-02-28,1247628.194204401,1132227.0283091592,1322589.9647691334,1338349.638157971,1429824.1287801221,1247866.5118896142,1247844.5818979493,1375072.688688949,1475184.1425213302,1475674.9410864497
2011-03-31,1469626.9313064942,1313794.6321216498,1557927.1491460968,1578638.207827834,1684242.1869438223,1469689.548775775,1469881.8185180777,1595583.8069161598,1714125.9201564526,1714442.924516037
2011-04-30,1490141.817931672,1329572.8776533513,1579674.6397779712,1603065.3539477526,1707752.9400751898,1488309.224790264,1490400.262547358,1614746.2481670475,1737309.7325293536,1735423.1865637235
2011-05-31,1768196.8559777725,1558540.3536185916,1874436.1697238446,1899665.9361199958,2026413.4147577705,1760933.6281220193,1768503.5204956024,1892823.793087399,2033773.41959209,2025700.3156865477
2011-06-30,1568885.1999301517,1424452.0062265822,1663149.1896922719,1682683.9025406197,1797995.5160813467,1562467.7666299967,1569157.2956362308,1729975.5148563003,1855699.7281292481,1848365.214307902
2011-07-31,1591006.708381681,1438517.6956738092,1686599.8303807704,1708165.690987185,1823347.5140320018,1584498.7922339716,1591282.6439974983,1747058.0817579243,1875968.1795831867,1868553.5517366931
2011-08-31,1450683.9131518663,1283778.1158963249,1549001.6832240878,1556846.1775751556,1657831.0560070698,1444446.804289885,1446837.1497411644,1566190.9806465155,1681032.8055556116,1669230.7595822476
2011-09-30,1467451.2441725002,1299326.909346371,1582724.256332725,1574842.988150025,1709180.1656026756,1461148.838093991,1463651.8226660907,1632518.0572173365,1752229.1165856544,1740164.8875555682
2011-10-31,1504744.0585581444,1332347.1281270995,1622263.8286091317,1614864.9848641749,1794406.8749789333,1498281.4798936967,1500848.0815478424,1713006.6841412806,1838619.9106682164,1825960.8743486411
2011-11-30,1517302.436863963,1344125.1523552525,1640975.8451588415,1628342.4176028196,1809382.7416903395,1510785.9224056862,1513373.9475430935,1733611.5170510658,1860735.6706710632,1847924.3660739965
2011-12-31,1530341.0149044355,1355675.5753294295,1661329.9822455386,1642335.1919504663,1824931.2419292827,1523768.5005130612,1526378.7628381553,1755114.6834357816,1883815.6399746493,1870845.4342531657
2012-01-31,1580135.9133724645,1400041.2652569818,1715377.1443357042,1702826.325303611,1884311.638799743,1573349.5401150337,1576044.7321555873,1812541.906166082,1953545.4589371574,1940095.157839909
2012-02-29,1729364.162138727,1534011.0179821055,1877377.588704395,1866411.0422843192,2062266.2729300898,1721936.876610911,1724886.6060017894,1985983.7809066246,2143660.8004826778,2128901.5359858605
2012-03-31,1910017.9320674988,1667752.0338106751,2073493.224793636,2067260.7939456236,2277695.84912744,1896874.6151709137,1905133.0390804163,2159129.5327009386,2337298.61981415,2315125.291874398
2012-04-30,1721057.3988359203,1555030.1244815162,1868359.876638236,1861179.5998042552,2052360.466829388,1708113.0884435712,1716655.7752328455,2013195.8515514063,2177526.7864374868,2155522.4672299135
2012-05-31,1370405.7983967722,1226178.310009716,1487696.579790612,1474427.3744464242,1634208.5328108496,1360099.1015609524,1366900.9573466054,1587452.902489368,1708232.5753688447,1690970.277422354
2012-06-30,1584128.6540512647,1416376.9206858266,1719711.6236223222,1707914.533550127,1889072.9781700536,1572214.5590835211,1580077.2165433734,1833690.6064670493,1977299.402481541,1957318.0864989606
2012-07-31,1725102.3386279903,1529530.7308848174,1872751.0194435115,1858018.783644896,2057184.06193813,1712127.998139976,1720690.3645977906,1980183.4521148223,2133132.1766248173,2111576.119597123
2012-08-31,1828788.2861923107,1617073.4193281538,1985311.2758175242,1975558.150463168,2180829.5241447645,1815034.1306824067,1824111.1354532961,2093519.2474869275,2261938.722518286,2239081.026682987
2012-09-30,1915143.9141773486,1682489.4788306502,2079057.938919439,2069976.4671261527,2283808.585032845,1902010.8723583617,1910245.9083493173,2178209.142637718,2354745.4297346477,2332518.1235869075
2012-10-31,1770332.4609359792,1524758.3081119165,1921852.3125549597,1906925.374483535,2111120.9695839453,1757956.8171360884,1765804.8104925626,1974004.9075232137,2126692.8070057994,2106327.120248643
2012-11-30,1724703.1744250522,1482485.8741266285,1872037.9850802135,1859899.3867536562,2056708.0585511485,1712647.734077328,1720292.221250066,1918989.7670975826,2069800.51468627,2049981.6610295987
2012-12-31,1919324.01329677,1638387.867005775,2083284.5364719944,2074002.2276620257,2288793.345605446,1905908.1919391595,1914415.315028458,2120795.6268763365,2292171.704087794,2270223.587685813
2013-01-31,2090624.529783461,1785901.2810023779,2269218.6006186707,2267043.263620404,2493069.161225229,2076011.337348436,2085277.7301217278,2311742.964688786,2507324.627692286,2483316.364511083
2013-02-28,2146923.306111435,1830380.0525198895,2330326.7662976165,2329467.875543448,2560205.436013849,2131916.592077541,2141432.522317701,2369318.088210722,2571312.6420600717,2546691.6766044544
2013-03-31,2246230.9175846265,1909486.4673260893,2438117.8464545696,2443933.7089266023,2678629.733694106,2230530.0548801376,2240486.1546318945,2471716.6357337665,2689850.6878592703,2664094.6890205224
2013-04-30,2274777.8402969693,1946310.5718249166,2469103.422922936,2474484.237206626,2712671.930625102,2258877.4376422637,2268960.0682157995,2519383.2479938813,2741157.1848084503,2714909.9129594634
2013-05-31,2564282.895107719,2204596.4939599126,2783339.78567206,2794965.9922164553,3057906.6241571014,2546358.885581409,2557724.7136949324,2853719.007314016,3111118.124797556,3081328.3776107193
2013-06-30,2509101.9195301323,2157019.970924363,2723444.9107135925,2729836.8605019753,2992103.3265700466,2491563.618251463,2504254.267961637,2792134.029143503,3038442.0557519738,3011227.9039394683
2013-07-31,2538326.472515217,2171598.11292772,2755166.002152131,2773468.681110219,3026953.5961275185,2520583.898503367,2533422.30940909,2811004.570168484,3072125.2954681185,3044609.3995064856
2013-08-31,2392877.9692772757,2078861.2159930621,2597292.3899878464,2608827.5620308355,2853506.298266832,2376152.0630610576,2388254.817393371,2690962.1739751473,2934474.7643377488,2908191.7553073233
2013-09-30,2643916.6628354657,2298039.88866094,2869776.357511077,2890610.409077747,3152869.8673428013,2625436.0252156304,2638808.494752612,2974675.925962893,3252972.4435845218,3223836.7635016637
2013-10-31,2618562.472339185,2290806.3081864035,2842256.2550326395,2870937.349897774,3122635.004364257,2600259.0541643645,2613503.287970698,2965312.492262801,3251873.2271344173,3222747.3981124503
2013-11-30,2829666.1446825685,2494715.4572723266,3071393.7058654414,3108921.058063986,3374376.0724775945,2809887.1363501456,2824199.1003573593,3229260.7535890215,3548773.521132679,3516988.4614964356
2013-12-31,3237220.974782817,2852822.8728342606,3513764.3839076147,3562375.4070237833,3860385.088266574,3214593.2054370074,3230966.5195549363,3692809.497934496,4064713.978096071,4028307.822410915
2014-01-31,3124567.6189354695,2770056.1376140565,3391487.48325176,3434454.0046133497,3726045.994344018,3102727.2837202116,3118530.8142121686,3585672.8830748443,3942239.9757271567,3906930.775437789
2014-02-28,3507504.8537122267,3103979.091474214,3807137.582162423,3865842.426090016,4182698.5385751408,3482987.835490373,3500728.2007759963,4017916.2770155827,4429570.113768879,4389896.072485911
2014-03-31,3723535.8666378516,3279181.490710324,4041623.297591743,4096975.150309317,4440315.4586316515,3697508.8161378885,3716341.8338647503,4244705.358706302,4671660.462899113,4629818.104437204
2014-04-30,3910794.5572256846,3469910.234040899,4244878.780886664,4302273.650646582,4663621.392595629,3883458.5904828995,3903238.734004443,4491592.369275109,4942586.191633301,4898317.247021575
2014-05-31,4179708.7423107415,3766085.3985921503,4536765.27435844,4609949.931056683,4984301.480039804,4151919.1996433716,4172417.4665590436,4874973.499083168,5378263.94665482,5332743.61691866
2014-06-30,4889851.679514262,4400055.965707092,5307573.002155783,5402686.333905783,5831146.723861216,4857341.771587812,4882627.313191086,5695610.677901434,6294710.4069111105,6243103.723298152
2014-07-31,4901806.61976537,4386042.155967186,5320549.206927974,5419785.803770615,5827863.671586603,4869217.229787844,4894563.918197838,5660435.256804787,6260375.053016488,6209049.864860336
2014-08-31,4858316.9251134405,4345944.556005589,5273344.354367218,5387107.675722498,5775285.293428365,4826016.674492391,4851138.481979355,5607898.159858365,6220159.934936593,6169164.4470467735
2014-09-30,4115164.4839710584,3706296.2872855645,4466707.245725316,4560840.014518242,4891868.790045069,4087805.046541887,4109084.0875884313,4782512.033721306,5302055.126308406,5258586.65418089
2014-10-31,3432623.53700646,3064290.6912966133,3728598.6976706274,3812957.1149948332,4080503.716656281,3409801.941213848,3438290.9183444567,3957008.2700316533,4396695.622687082,4374430.287745303
2014-11-30,3667609.2068866794,3278322.0930140405,3983845.813526173,4084883.8164587705,4359841.046544169,3643225.3198724017,3673664.559270068,4233393.282726503,4716385.441107939,4692501.160643695
2014-12-31,3762231.3066188483,3385131.728177233,4086483.9893872663,4183373.266650078,4472322.316681006,3737218.3353549717,3767883.647488906,4371167.420442527,4861945.282241774,4836608.753869515
2015-01-31,3814225.541042911,3431248.679506662,4142959.4200454615,4233071.057021157,4534130.049754174,3788866.8923466634,3819956.0351855895,4430717.513735428,4918732.331892822,4893099.901039488
2015-02-28,4150669.6998637733,3732508.960666903,4508400.441785687,4625493.29473788,4934075.3430829095,4123074.2164639714,4156905.6719290395,4819730.176455511,5372716.326333575,5344718.098755544
2015-03-31,4787334.703496101,4307791.721164163,5199937.325070174,5339472.831668876,5690905.762155588,4755506.384793811,4794926.783896181,5562583.840295067,6206091.715068519,6174269.561059619
2015-04-30,4852553.141267203,4311624.4934616145,5270776.697998141,5403929.924630962,5768433.657634019,4820291.22096599,4860248.649961513,5567533.039603356,6202149.634369265,6170347.693751398
2015-05-31,5100472.211865805,4535613.353865041,5540062.991671255,5687534.400290359,6063145.464527785,5064313.543201561,5108560.887962729,5856766.3388182,6532984.699692628,6496614.705800989
2015-06-30,5346195.043382281,4709144.907667126,5806963.760959296,5952527.975329984,6355246.509224796,5308303.513367864,5354414.163086952,6080844.9109740835,6772731.6045362605,6734702.898781256
2015-07-31,5184244.027570251,4577863.600790333,5631054.789413732,5787266.049508934,6162728.538617867,5147500.338546775,5192214.166784412,5911323.41992462,6601089.658169759,6564024.718434417
2015-08-31,4730531.694359497,4179311.5478181113,5127282.445306049,5275534.387147246,5623381.642095709,4697003.727228697,4737804.30522655,5385172.105250321,6007568.866513729,5973836.532955462
2015-09-30,5185043.863373442,4582003.24487012,5649269.453776042,5782366.332475123,6163679.3437380865,5148294.5007516295,5193015.188915729,5934894.35068393,6620770.683968708,6583595.217250384
2015-10-31,5232510.019205221,4623122.508566689,5706311.549272531,5835300.638280508,6220104.358234334,5195424.236530485,5240554.312741006,5993749.079247514,6686427.065349112,6648882.94246459
2015-11-30,5371030.193004152,4740730.173813326,5857374.496192184,6002430.576270403,6384769.10765775,5332962.641169238,5379287.450453193,6146223.952156724,6871015.0835595615,6832434.49957152
2015-12-31,4888338.356826611,4321345.298102752,5336443.230837593,5470554.964139884,5810973.059168787,4853691.925182007,4895853.538871307,5608251.196551227,6278277.631541699,6243025.258243737
2016-01-31,4892228.439266642,4324784.17262842,5364067.627415139,5474879.972332944,5815597.359368213,4857554.429464899,4899749.6018202165,5637282.628736479,6310744.874064154,6275310.198485016
2016-02-29,4958036.317775808,4382959.060308547,5449618.862656785,5548525.390116287,5893825.940205976,4922895.884718447,4965658.653425307,5727191.3520198325,6411394.607895908,6375394.79249825
2016-03-31,5276926.743933683,4674808.546222794,5791520.917243296,5904959.708974769,6272904.372892555,5239526.146410958,5285039.342287146,6099484.370551632,6827661.791174013,6789324.644623835
2016-04-30,5466243.352329485,4827996.37546133,5999299.238607755,6122970.242302849,6497952.972554543,5427500.958527608,5474647.000776875,6299357.085442148,7058558.945812399,7018925.315787657
2016-05-31,5750048.3642847575,5026075.281784216,6310780.28117293,6449109.204659413,6835323.902395357,5709294.479610232,5758888.325495643,6557801.720816272,7357554.894159677,7316242.40771629
2016-06-30,5486312.220510023,4817902.9338564,6033565.405965287,6165896.103712854,6521809.672452311,5447427.578519875,5494746.719428347,6298942.257105991,7081542.200679923,7041779.5229765205
2016-07-31,5631951.576065902,4945107.1751264,6193697.961562222,6351218.76759211,6694937.28799818,5595058.548550043,5640609.975970042,6465225.083060162,7293350.631286836,7256320.3089824645
2016-08-31,5788076.825064827,5056511.328253063,6365395.572541666,6531194.034450483,6880529.9253424,5750147.721817907,5793602.546004281,6610874.691416305,7462185.165048322,7419932.4421430705
2016-09-30,5610823.802928118,4949180.54058983,6170462.846269307,6335293.13810915,6669821.817443087,5574056.234308616,5616180.307001641,6470550.59412988,7308583.385963929,7267200.3945062095
2016-10-31,5090179.850620441,4508292.850477494,5597888.431813606,5742264.058868265,6050910.4954506755,5056824.049022806,5095039.309341619,5894134.74470343,6651529.338513978,6613866.75285346
2016-11-30,5284559.565191739,4711107.598156142,5811656.114572045,5962862.083567641,6262665.37141573,5260087.227582216,5289604.593344943,6140385.161170296,6930988.238061701,6905067.957065915
2016-12-31,5582829.541951295,4966789.782057545,6139676.355105253,6309387.794574384,6633763.547296527,5556647.516792824,5588159.320870642,6490701.608420044,7338016.948147758,7310107.831734377
2017-01-31,5702693.2841986595,5077774.535326208,6271495.637110217,6446021.616151144,6776190.915621468,5675943.630213631,5708137.493945386,6635738.734246398,7503352.791868825,7474807.60312634
2017-02-28,6271898.863208502,5568236.188923599,6897475.348251783,7097371.459422666,7452546.010617888,6231590.558965582,6277886.47810023,7276683.968475761,8237400.171066309,8191692.227775323
2017-03-31,6157084.176373885,5473069.725545502,6771208.7281710245,6975010.344906954,7316118.151368236,6117563.557919721,6162962.180852831,7152318.504039798,8105397.183042587,8060485.564708823
2017-04-30,6345514.269413674,5645583.106343429,6978433.357278405,7200016.1933244625,7540019.071654764,6304784.16928834,6351572.162672349,7377762.48848703,8374304.692569231,8327903.068925327
2017-05-31,5936120.808579264,5290373.915509268,6528205.865438582,6751555.649360614,7053559.762004544,5898018.4932466205,5941787.864931005,6913567.915108318,7866105.051362445,7822519.340880149
2017-06-30,6354170.096964201,5655064.421136016,6987952.541701146,7217273.615824802,7550304.30667705,6313384.437793266,6360236.254204281,7390152.8634553775,8396765.732765503,8350239.653127082
2017-07-31,6408655.965425275,5636593.5291965315,7047872.981182618,7282911.275041818,7615046.811067349,6367520.57679108,6414774.139185466,7366014.727450247,8373535.271071647,8327137.910219657
2017-08-31,6109954.9170926185,5361050.9201777885,6719378.667577388,6951531.5956781255,7260117.092563375,6070736.808824121,6118004.089754098,7005930.058320367,7973442.732457367,7929262.267603805
2017-09-30,6622611.605727023,5807772.137019114,7283169.145973133,7532897.683894051,7869278.309716887,6597875.70693132,6631336.145097057,7589714.402948969,8635627.994406266,8610995.836241249
2017-10-31,6889698.213597543,6039918.539917387,7576895.707484862,7857907.823868049,8186642.359966555,6864016.426793784,6898774.609172346,7893088.0294062635,9005140.650754038,8979520.926307417
2017-11-30,7621395.443168455,6590155.763337762,8381574.433867302,8707227.309717914,9056077.179055687,7592986.206628449,7631435.7670177715,8612149.190797396,9842289.584102986,9814288.156037236
2017-12-31,8272342.435472983,7198456.154698817,9097448.671536444,9448194.278299728,9829561.014809445,8245453.180368558,8283240.308487089,9407088.477837436,10747745.096917331,10722303.496208725
2018-01-31,8690941.853390552,7568200.869162056,9557800.34836492,9976503.970384544,10326959.247350505,8655216.918186955,8702391.183933843,9890278.368143585,11356897.397115048,11320251.648332812
2018-02-28,7633798.019785286,6620343.153568025,8395214.077552482,8751442.505920913,9070814.465521798,7596375.384180891,7643854.686899207,8651598.713529805,9921256.272757068,9881471.026721912
2018-03-31,7049242.746999478,5993709.208370736,7752353.65189785,8056142.3691130495,8403308.778067952,7014677.138888939,7058529.323331445,7858986.8389761215,8984547.959247049,8948506.730016796
2018-04-30,7274138.417360522,6188935.535782713,7999681.035562952,8316184.747419952,8645743.001421997,7238470.459108178,7283721.26819278,8091062.424706588,9253146.117544854,9216028.137351602
2018-05-31,8298734.7048259545,6920803.3845718475,9126473.37722794,9520582.431215553,9884427.745709045,8258042.742352654,8309667.337556846,9067043.66110976,10405728.758168712,10363987.316364376
2018-06-30,8195179.917817176,6826997.172668567,9012589.750261262,9403848.858657265,9761086.074578628,8156542.890430897,8205976.128679481,8944146.799153857,10267159.357038748,10227915.32342143
2018-07-31,8447811.813144453,6904031.905745739,9290419.846855337,9709302.257524712,10061989.983028507,8408230.800468195,8458940.83808428,9045071.106891837,10399751.872823395,10360342.384768687
2018-08-31,9088743.91801939,7378578.34965373,9995280.284893151,10480789.86367803,10825389.137866007,9046159.9074575,9101172.049040217,9666781.202126868,11151749.451125238,11110045.250503477
2018-09-30,9222407.123793093,7466888.777876137,10142275.426382607,10633429.442223037,10984592.237647582,9179196.852705626,9240264.220257372,9782477.95965178,11283523.71327464,11247739.005119016
2018-10-31,6403993.817781706,5126893.417449933,7042745.816035001,7356034.732960308,7627646.439232391,6371601.794065011,6416396.815833673,6716816.512056469,7718260.152027266,7690989.155329047
2018-11-30,6467311.355814652,5177666.708776823,7116156.854853365,7428852.447688317,7703062.461326267,6434676.146461222,6479836.976178441,6786938.579891335,7798928.593948786,7771465.952555229
2018-12-31,7413982.656705999,5943852.748427026,8186304.250871137,8528041.296135902,8830620.382647336,7376900.679736324,7428341.318892345,7818441.615253426,8996681.608026039,8965393.305726076
2019-01-31,7475917.493654551,5993366.842430704,8257275.545643938,8599234.648315027,8904389.511689303,7438520.180534537,7490396.106721568,7886040.872144388,9074416.969763722,9042851.736622391
2019-02-28,7680651.071146784,6181700.743714642,8484077.88688306,8834731.10969893,9148242.864393989,7642229.608866776,7695526.192268475,8134492.6949225,9360308.90201902,9327749.203423342
2019-03-31,8005131.766527576,6440798.4524579,8842500.560258709,9228897.984887179,9534724.188991968,7965087.130345646,8020635.310361292,8475439.063496344,9774856.926305916,9740855.225276925
2019-04-30,8481487.903845243,6828439.95082494,9368685.453853078,9809031.44584155,10102100.780708523,8437963.531114832,8497914.007776856,8985536.052698918,10395971.523573177,10358456.113533426
2019-05-31,8182844.702246921,6572263.547784851,9047944.51865336,9423863.113325449,9746393.890271414,8140861.199744377,8198692.426357532,8657180.563944459,9973888.425273798,9937906.065222744
2019-06-30,10129695.008381475,8179373.427674843,11204784.058576548,11666009.083039563,12065241.49936995,10077722.846165583,10149313.2018911,10778159.78344592,12417483.415133737,12372685.388197947
2019-07-31,11198137.691434134,9090111.739810318,12386383.737984357,12913871.86159759,13337838.45378326,11140789.437311303,11219825.1391881,11978030.804632653,13818407.581849627,13768685.634175213
2019-08-31,11446864.023571817,9262322.036226604,12661502.67176672,13185862.206584312,13634090.533803033,11388241.98196986,11469033.174085876,12204952.13727853,14064447.433871252,14013840.178521832
2019-09-30,13590614.879062595,11006674.442972176,15032729.154274117,15664126.851576755,16187461.757584652,13521014.184658911,13616935.835149206,14503483.492275817,16722583.98149619,16662412.10756712
2019-10-31,12508156.593901131,10231519.079414584,13835410.107481608,14452707.878110519,14898171.16205482,12444099.430709545,12532381.15800199,13482062.068898086,15584111.339676106,15528035.964978952
2019-11-30,13308573.06352755,10892428.448653206,14720759.600160746,15414375.750276329,15851528.392949566,13240416.779833501,13334347.796231829,14352941.658560796,16630495.482198652,16570654.961184192
2019-12-31,13634274.112474337,11170838.11306272,15081021.125898683,15817603.274095891,16239463.251740586,13564449.837523868,13663535.25036234,14719801.783521648,17083642.79294569,17025729.914183255
2020-01-31,13466715.117373932,11100149.975305839,14895682.27157338,15651670.225256182,16039887.674080702,13347152.970617788,13495616.649096673,14626656.097080616,17006442.98935509,16884807.665774245
2020-02-29,10258522.364543451,8533685.795267425,11384644.531779988,11895455.624397732,12218684.744123861,10166763.810731182,10280538.644720897,11281880.143261787,13088257.249334302,12993743.070274971
2020-03-31,9412786.354419677,7840550.598146651,10575836.56400788,10970932.686531723,11177613.223792685,9328614.067087967,9432987.564665409,10462648.46544349,12200499.381629566,12112424.528261194
2020-04-30,10933918.048785502,9093577.408703826,12270283.244181648,12738588.916047772,13222960.845221944,10839753.437325133,10957383.829103846,12341432.463529756,14385464.923627881,14286175.015330225
2020-05-31,11188009.038819673,9305198.944534726,12574127.486125711,13034730.289062493,13813891.764188763,11091579.497009186,11212020.13282254,12913556.557549112,15052598.817290274,14948508.617212147
2020-06-30,11967167.714739682,9972699.797364192,13449128.759382905,13995320.768790266,14775922.947042067,11864022.598014135,11992850.998238342,13839190.343718376,16192633.514371924,16080659.855180554
2020-07-31,12695253.816750616,10598500.569964088,14267377.997226335,14909836.853640663,15674894.567304343,12590538.453656085,12722499.67732788,14707618.956275707,17281824.1716959,17168763.88528099
2020-08-31,15561984.87792974,13092560.673741896,17489112.36377632,18388629.80486688,19214462.00321482,15388195.15636753,15595383.154875038,18168644.92612071,21479194.061666366,21275955.768499892
2020-09-30,15032387.026577728,12420336.769619934,16893931.459965955,17697247.849098545,18560564.846707374,14842432.863883644,15064648.709259972,17235794.75869336,20301446.622775685,20079263.60808026
2020-10-31,13913891.143041566,11580824.700465789,15636925.98594319,16348444.995025475,17179552.28485458,13738320.946346331,13943752.375079758,16070797.544133402,18892453.850555837,18686071.93326724
2020-11-30,17283037.17970256,14378306.474593189,19423292.187512834,20507113.120512076,21339454.048425663,17064953.947571002,17320129.093582366,19952884.044972677,23687679.600762337,23428914.421997998
2020-12-31,22155624.95289282,18371379.378532294,24899279.71433432,26412196.251685962,27355662.983984925,21876057.742162153,22203174.159424882,25494101.348592114,30409051.068602186,30076861.324591313
2021-01-31,23579624.246366512,19593816.02050827,26499620.790859427,28182059.601974845,29113882.15475062,23282088.52637942,23630229.564253166,27190485.876386702,32516002.474312093,32160796.294365413
2021-02-28,25941739.527769446,21346151.28231712,29154249.995060805,31110853.91662012,32030397.918312147,25634812.05705117,25997414.29472876,29622214.699195307,35545132.85995918,35185094.052393496
2021-03-31,29204165.890440434,24153413.84902977,32820680.828539323,35030173.599342614,36058532.35835905,28895204.229836494,29266842.307175145,33517874.070329074,40228478.96014709,39871311.14590062
2021-04-30,30674214.10495618,25395470.06026215,34472773.32188239,36831675.08501213,37873608.376812235,30366502.475119196,30740045.465903763,35241484.81313827,42341212.26806577,41988498.20136804
2021-05-31,31953648.907743625,27120596.379830554,35910647.676327154,38365762.79147921,39453333.03501622,31654640.497102145,32025307.092307866,37635455.58503849,45215517.47249768,44873513.554617174
2021-06-30,29615465.28900655,24816532.21054414,33282913.72691046,35694210.38788672,36566365.82250922,29407350.15438652,29681880.414300486,34438088.407681145,41533341.25930686,41316155.70380276
2021-07-31,27551621.55261373,23171622.96302377,30963492.689615015,33264652.29353002,34018127.4496697,27334046.6084825,27613408.334116034,32155435.470184583,38848190.17391571,38611212.99674019
2021-08-31,32664899.622453704,27485685.17563485,36709976.530802384,39533526.50946275,40331517.92111822,32356561.0928659,32738153.35812553,38142092.05188994,46192302.21302896,45838069.360031776
2021-09-30,30472226.0526486,26195849.272379857,34245771.94912537,36743124.20751809,37624212.701771066,30184779.304363433,30540562.5395389,36352177.074394405,43861728.9311354,43525633.49891412
2021-10-31,28537757.25621506,24768189.070584856,32071747.082932927,34567059.93477538,35235714.23206926,28268560.658779602,28601755.533803303,34371002.27844037,41659929.72529379,41340708.68581839
2021-11-30,25344327.61180269,22632521.250156906,28482857.21847269,30596032.62837989,31292770.393136725,25143781.456937294,25401164.36372133,31407319.976741,37943916.77110643,37711507.28318224
2021-12-31,26364172.071986884,23489511.401185732,29628994.720503688,31845175.601731203,32871074.305633254,26155668.45989707,26423295.90953437,32915715.92034985,39786185.548024155,39542635.399672195
2022-01-31,21207960.11786633,18941425.48411719,23834260.251372296,25568304.14430487,26442265.33254062,21040234.92017017,21255520.725305833,26542509.537576105,32021753.08660172,31825732.735869016
2022-02-28,21784565.15123664,19437182.256872524,24482269.504663844,26285239.58820372,27161181.39521367,21612279.810168408,21833418.838054135,27237210.627883166,32887118.266260065,32685800.60467311
2022-03-31,22506656.220855273,20055773.714801252,25293781.150929023,27156554.107531134,27977052.91162001,22328660.15529421,22557129.2579396,28019473.433591604,33831698.25790689,33624598.3784197
2022-04-30,21059651.62890538,18803560.110750947,23667585.89959118,25351349.71619221,26684835.376564365,20870905.676568553,21106879.642452855,26778410.548848078,32257414.80037567,32025856.37451753
2022-05-31,21346710.638353497,19059567.17695461,23990193.029001456,25697232.856806625,27048281.74431263,21155443.902980734,21394582.40449025,27142705.233760875,32696657.940945063,32462025.80984299
2022-06-30,21615423.074801255,19299489.051753968,24292181.62654059,26020709.676915072,27388765.567010738,21421748.671127133,21663897.45025819,27484377.657084692,33108243.53930702,32870657.860276185
2022-07-31,22991442.905350257,20528095.87951935,25931356.779827643,27677147.469364945,29132328.32594394,22785436.324839085,23043003.12004384,29338995.780161195,35342330.51301992,35088708.3352408
2022-08-31,23090769.893277694,20616780.658214148,26065996.79957075,27796717.643408924,29258184.865333512,22883873.350240316,23142552.85166449,29491328.536035527,35525833.71619482,35270894.717786595
2022-09-30,23222941.4733421,20734791.1202276,26215187.380716536,27955826.06588819,29425658.731324147,23014860.65129784,23275020.833529484,29660124.238959726,35729168.34086758,35472770.181774326
2022-10-31,24134238.23001258,21548449.81737513,27243115.221395712,29052847.029537782,30580357.745382193,23917992.063903533,24188361.258958105,30823132.040641442,37130150.38938325,36863698.554585174
2022-11-30,24382921.24948476,21770488.468055166,27600612.195184495,29352212.178395,30895462.60170804,24164446.848949075,24437601.972697757,31227607.67788999,37617389.69382602,37347441.349901624
2022-12-31,23121677.57422632,20635701.775818236,26082828.66798604,27854027.2974374,29297347.830101386,22914504.098212913,23173529.85311926,29497792.49654681,35559284.86655484,35304105.80989874
2023-01-31,23359537.43415498,20829154.10736885,26481993.393386826,28140570.30679136,29598738.714042548,23150232.691373855,23411923.13232859,29922163.766698524,36070860.07304246,35812009.872161865
2023-02-28,26465007.052873604,23727494.01692956,30002569.183658592,31875162.954041723,33533661.828794993,26227876.861751135,26524357.024357524,34085779.68524919,41081800.90478678,40786991.379825465
2023-03-31,19779005.88113331,18025933.076373424,22563082.363572888,23836100.43618213,25061867.29608594,19601783.21059369,19850951.96981307,26055550.427403193,31423361.52092216,31240416.739079565
2023-04-30,20336668.93271186,18566816.84078398,23199226.70162659,24516499.448059164,25768479.010884643,20154449.526840966,20410640.631587923,26837353.145692468,32377181.729841895,32188679.52314499
2023-05-31,19517162.170359384,17909335.450331073,22264367.296569437,23642777.961293206,24730086.597730003,19342285.663329136,19588153.004041504,25886998.326132253,31382297.492422916,31199587.515362013
2023-06-30,23647943.395435587,21289528.950906694,26976590.798303336,28745136.785100706,29964176.28170001,23436054.497794572,23749153.65609298,30772889.47760153,37435580.707917094,37241683.36639497
2023-07-31,25598293.644706152,22992884.218727328,29201469.285797074,31187124.432078794,32435454.12597993,25368929.330316227,25707851.161568042,33234999.540733337,40523570.854728654,40313679.28070979
2023-08-31,22412339.078437824,20358226.830823377,25567064.76039004,27273833.046987902,28398548.99406319,22225924.96796002,22489726.628224634,29426741.458540797,35838262.32979989,35646301.441977
2023-09-30,19070781.26761353,17279965.812923223,21755154.52127048,23126681.754771475,24164479.864473652,18919052.156848073,19136594.987265784,24977277.761096872,30313501.72961668,30161952.45304905
2023-10-31,20514442.47686205,18619855.549671125,23402023.207805153,24884270.699521556,25993734.86723601,20331727.646723818,20585960.016494785,26914017.602402218,32673247.414054748,32479862.11576347
2023-11-30,21983945.01955282,19906871.246711258,25078370.61427943,26830640.72199148,27855733.281475097,21788236.12704351,22060591.225648053,28774330.811060753,35146605.31252269,34938715.757777214
2023-12-31,23823089.180983998,21417406.09435903,27176389.819268715,29169682.36478835,30186102.516756497,23611007.568841144,23906147.49465735,30957729.142274827,37936901.01837772,37712507.064858325
2024-01-31,24710724.00289018,22249665.559801664,28188966.724318866,30183267.02971695,31310819.612977024,24490740.347539455,24796877.022086646,32160716.236735567,39315706.226006374,39083156.73912747
2024-02-29,28712546.02599284,25578685.95868197,32754078.929025386,35179167.09489726,36381505.816928275,28456936.718574204,28837771.555361174,36972639.37285916,45337784.36635652,45109185.12649127
2024-03-31,33639217.593489245,29771354.68863827,38374221.04776036,41294213.059700504,42624063.68344774,33339749.29290889,33785930.07059586,43032920.5513895,52869832.86440878,52603256.001030155
2024-04-30,33256684.175094243,29457821.738501176,37937842.82618304,40715267.12558373,42139357.738051526,32960621.324198008,33401728.288799506,42579725.233311884,52172739.72980494,51909677.70580704
2024-05-31,34595453.41913869,30846334.790866617,39465055.126805544,42474715.34867619,43835704.72651555,34287472.36521728,34746336.376613766,44586747.50478508,54787698.962056026,54511451.954287775
2024-06-30,33651161.16864442,29118090.293115478,38387845.78271236,41484351.46419021,42639197.32116846,33351586.542522084,33797925.73555977,42088661.37552978,51932767.435842805,51670915.38405848
2024-07-31,32384490.621759787,28299493.558679502,36942880.67868894,39888693.60768154,41034206.18600584,32096192.349516142,32527794.289814122,40905423.037191994,50428813.84024085,50177690.185035795
2024-08-31,33082956.563188214,28832193.90433232,37739661.57989244,40716443.55972999,41919228.44807399,32788440.29478331,33229350.984866187,41675413.240381315,51336816.52478515,51081171.233237624
2024-09-30,37993327.59357632,32786318.06569618,43341208.719751194,46763212.53884883,48141131.996852584,37655097.44802683,38161450.75746643,47390890.83880633,58384414.29604756,58093673.606283404
2024-10-31,37304901.02007885,31962952.860474125,42555880.3068723,45876336.271067604,47268830.550866984,36972799.492685884,37469977.84929739,46200759.93327104,56869017.24617085,56585822.87887066
2024-11-30,52096817.89065402,44432029.10611075,59429884.16879766,64239017.14503498,66011585.32793264,51633033.42966272,52351277.972496726,64224150.97941083,79266509.00603545,78907894.69346592
2024-12-31,31861045.82306294,27190621.34710789,36345756.618082054,39027614.21609921,40370952.22924989,31577407.450623337,32005306.672818936,39302606.813503616,48186002.52700694,47967703.62991781
2025-01-31,34240066.975698724,29258641.567922328,39059645.05114591,41996296.10482198,43385396.56642353,33935249.70578784,34395048.039619304,42291820.80240242,51918172.32901882,51682965.21977821
2025-02-28,35452763.86111826,30408760.85685028,40443039.24188299,43417374.10433075,44921997.97296226,35137150.724954695,35613233.9580966,43954257.477419324,53876964.555880405,53632883.4467455
2025-03-31,23599252.547480885,20248385.009594075,26973978.67529384,28859173.03871751,30202630.201931234,23389163.605682112,23703641.89155561,29619341.8095666,36254175.532955416,36086262.933838665
2025-04-30,23580425.03165682,20232230.65512895,26956155.29809868,28836167.131617017,30088301.377815273,23370503.699140217,23684731.15380834,29511265.416188136,36121913.13325892,35954613.292144746
2025-05-31,29398285.42191342,25291494.74880257,33598177.61437407,35967391.97998712,38249056.56607612,29136571.409098502,29528716.283733767,37607511.855454795,46052243.2835056,45839534.19045648
2025-06-30,31037710.699254636,26711967.342300024,35471859.678566895,38113627.75436148,40382789.33067484,30761401.938405663,31175413.228497002,39720469.48496228,48819694.935165025,48594200.431692265
2025-07-31,31068004.907942504,26691839.380691025,35506481.8124829,38206923.538187586,40422204.733035095,30791426.45501289,31205841.839258343,39690539.34551112,48854963.20596527,48629305.802212656
2025-08-31,32690529.152582623,28397448.558469538,37360805.178746,40224332.26432427,42533251.3606099,32447471.44331287,32835564.599994883,42226765.771071,52005420.315556094,51841334.26616387
2025-09-30,33888684.321795925,29642395.3422187,38730132.71681432,41780048.95545834,44092156.53112247,33545007.18623999,34039035.52877328,44077991.109332174,54390651.891806245,54071238.71534132
2025-10-31,32810570.843132533,29187266.64346362,37497996.41773087,40500769.50418749,42689436.149334535,32478175.294137996,32956138.869891886,43401218.58307791,53620668.490406245,53306144.4948876
2025-11-30,31416045.57122267,27575988.39889597,35904244.704132296,38737707.0270616,40875036.22475387,31095219.798950918,31555426.62462616,41005261.45840385,50606270.099419884,50306020.269251764
2025-12-31,33414885.09703521,29931838.601487935,38188644.987460814,41186224.231196165,43475702.10448803,33073790.450673807,33563134.23796147,44508390.78020212,54906127.8855366,54580604.29340447
2026-01-31,38456990.5164127,34298817.64972348,43951082.09012302,47546265.30753462,50035924.361074515,38064426.73144357,38627609.56412352,51002051.689560756,63110556.88544653,62736391.43667681
2026-02-28,41012638.92632108,36863378.33107549,46871838.78981929,50730837.35000531,53361047.530485995,40593987.41775095,41194596.41264735,54815531.73362489,67861939.66233984,67459604.54371841
2026-03-31,30078230.722142104,26858505.596452676,34375305.24253343,37056364.121311605,39134421.53477335,29771196.191837713,30211676.39513621,39938370.599594004,49245130.97228873,48953169.903018
2026-04-30,30877877.23963903,27581038.2859605,35289191.877663694,38041528.75600811,40174831.93071265,30562680.02780191,31014870.64219464,41012770.601213835,50569904.65739811,50270089.35815829
