date,equity,peak,dd
2004-10-25,99920.01009555644,99920.01009555644,0.0
2004-10-25,99880.49409399564,99920.01009555644,-0.03954763567678558
2004-10-25,99965.56153336023,99965.56153336023,0.0
2004-10-25,99949.73841354054,99965.56153336023,-0.01582857093680977
2004-11-01,100059.07706973281,100059.07706973281,0.0
2004-11-01,99993.03423256063,100059.07706973281,-0.06600384403521212
2004-11-03,100134.39061864959,100134.39061864959,0.0
2004-11-04,100182.87703535956,100182.87703535956,0.0
2004-11-05,100317.54838483942,100317.54838483942,0.0
2004-11-05,100378.74682514364,100378.74682514364,0.0
2004-11-05,100444.31270306595,100444.31270306595,0.0
2004-11-08,100541.84187728995,100541.84187728995,0.0
2004-11-15,100630.72482429011,100630.72482429011,0.0
2004-11-15,100622.94976314851,100630.72482429011,-0.007726329264917463
2004-11-15,100850.20281008266,100850.20281008266,0.0
2004-11-22,100772.92789377917,100850.20281008266,-0.07662346148079725
2004-11-22,100893.9365593773,100893.9365593773,0.0
2004-11-22,101094.30117920921,101094.30117920921,0.0
2004-11-22,100941.22654956882,101094.30117920921,-0.15141766435384074
2004-11-22,100985.6569795368,101094.30117920921,-0.10746817417514382
2004-11-22,100788.49693849064,101094.30117920921,-0.30249404481907843
2004-11-22,100522.62048228022,101094.30117920921,-0.5654925057700091
2004-11-22,100390.43900081032,101094.30117920921,-0.6962431810584069
2004-11-23,100403.0775907631,101094.30117920921,-0.6837413982621869
2004-11-23,100399.03282435276,101094.30117920921,-0.6877423818618174
2004-11-23,100406.88481209447,101094.30117920921,-0.6799753884209173
2004-11-23,100353.2713316642,101094.30117920921,-0.7330085265947801
2004-11-23,100415.62345414233,101094.30117920921,-0.6713313383152967
2004-11-23,100452.28213980183,101094.30117920921,-0.6350694667440097
2004-11-23,100526.35937504328,101094.30117920921,-0.5617940848704722
2004-11-24,100706.22562448618,101094.30117920921,-0.38387480817053915
2004-11-24,101035.36827698284,101094.30117920921,-0.05829497957743442
2004-11-24,101353.11262745097,101353.11262745097,0.0
2004-11-24,101495.54158833605,101495.54158833605,0.0
2004-11-24,101692.33036102091,101692.33036102091,0.0
2004-11-24,103266.73670097608,103266.73670097608,0.0
2004-11-24,103415.09568812519,103415.09568812519,0.0
2004-11-26,103597.38229750839,103597.38229750839,0.0
2004-11-26,103856.07998389684,103856.07998389684,0.0
2004-11-26,103793.69061891107,103856.07998389684,-0.060072905693568754
2004-11-26,103578.20691251519,103856.07998389684,-0.2675559018063579
2004-11-26,103734.86044775028,103856.07998389684,-0.11671876712981263
2004-11-29,103813.43920995857,103856.07998389684,-0.04105756152637559
2004-11-29,103793.1485460361,103856.07998389684,-0.06059485190515132
2004-11-29,103796.4518733244,103856.07998389684,-0.05741417409715377
2004-12-02,104172.20597766494,104172.20597766494,0.0
2004-12-02,104241.77717371033,104241.77717371033,0.0
2004-12-03,104360.81016036363,104360.81016036363,0.0
2004-12-03,104578.78248576469,104578.78248576469,0.0
2004-12-06,104707.99182787296,104707.99182787296,0.0
2004-12-06,104773.54160397098,104773.54160397098,0.0
2004-12-06,104655.76156213219,104773.54160397098,-0.11241391675389203
2004-12-06,104685.24374198543,104773.54160397098,-0.08427496163039899
2004-12-06,104928.37313411546,104928.37313411546,0.0
2004-12-06,105013.09890793766,105013.09890793766,0.0
2004-12-06,105035.78420811013,105035.78420811013,0.0
2004-12-06,104975.91850896942,105035.78420811013,-0.05699552737388125
2004-12-06,104966.08260682777,105035.78420811013,-0.06635986183933007
2004-12-07,104808.45638462232,105035.78420811013,-0.21642892962782895
2004-12-07,104636.87764930092,105035.78420811013,-0.37978157807518376
2004-12-08,104680.08685477822,105035.78420811013,-0.3386439735882375
2004-12-09,104796.27155828239,105035.78420811013,-0.22802957261992352
2004-12-10,104903.75602635664,105035.78420811013,-0.12569828725407928
2004-12-10,105023.33621498104,105035.78420811013,-0.011851192641567582
2004-12-10,105111.32993345635,105111.32993345635,0.0
2004-12-10,105432.8187376716,105432.8187376716,0.0
2004-12-10,105597.91530441184,105597.91530441184,0.0
2004-12-10,105756.61101669433,105756.61101669433,0.0
2004-12-13,106129.24901216451,106129.24901216451,0.0
2004-12-13,106925.00042936737,106925.00042936737,0.0
2004-12-13,107049.5954420069,107049.5954420069,0.0
2004-12-13,107265.1558518634,107265.1558518634,0.0
2004-12-13,107383.0448743672,107383.0448743672,0.0
2004-12-13,107316.13237423058,107383.0448743672,-0.06231197878110411
2004-12-13,107396.99589654007,107396.99589654007,0.0
2004-12-13,107396.9893011481,107396.99589654007,-6.141132639935781e-06
2004-12-13,107494.34384163501,107494.34384163501,0.0
2004-12-13,107551.62875753296,107551.62875753296,0.0
2004-12-13,107610.37061527585,107610.37061527585,0.0
2004-12-13,107648.20567106103,107648.20567106103,0.0
2004-12-13,107411.63005704904,107648.20567106103,-0.21976735472478984
2004-12-13,107502.4587038167,107648.20567106103,-0.13539191511440246
2004-12-13,107571.25992333598,107648.20567106103,-0.07147889483655336
2004-12-13,107318.27703658423,107648.20567106103,-0.3064878159557644
2004-12-13,107358.0372357268,107648.20567106103,-0.2695525053347301
2004-12-14,107357.3975812414,107648.20567106103,-0.2701467135534546
2004-12-14,107508.92872582543,107648.20567106103,-0.12938157618826177
2004-12-14,107514.67396279176,107648.20567106103,-0.12404452766942439
2004-12-14,107571.7066580475,107648.20567106103,-0.07106389979903424
2004-12-15,107717.80682398427,107717.80682398427,0.0
2004-12-15,108091.90308172807,108091.90308172807,0.0
2004-12-15,108169.16082535713,108169.16082535713,0.0
2004-12-17,108252.90054973603,108252.90054973603,0.0
2004-12-17,108647.08318464957,108647.08318464957,0.0
2004-12-20,108518.26007092638,108647.08318464957,-0.11857024592574926
2004-12-20,108429.10166230006,108647.08318464957,-0.2006326501918532
2004-12-20,108361.12655369859,108647.08318464957,-0.26319770634338097
2004-12-20,108478.101774081,108647.08318464957,-0.15553239499432817
2004-12-22,108630.68972155663,108647.08318464957,-0.015088728212870795
2004-12-22,108726.41682446723,108726.41682446723,0.0
2004-12-23,108815.38779543286,108815.38779543286,0.0
2004-12-23,108898.47683381401,108898.47683381401,0.0
2004-12-27,109042.1510980924,109042.1510980924,0.0
2004-12-27,108980.34098317611,109042.1510980924,-0.056684607093539736
2004-12-27,108890.87582966172,109042.1510980924,-0.13873100164229707
2004-12-27,108931.9656194408,109042.1510980924,-0.10104851889108842
2004-12-27,108834.66473881913,109042.1510980924,-0.19028087504126878
2004-12-27,108865.6370910453,109042.1510980924,-0.16187685704065108
2004-12-27,108913.1091136715,109042.1510980924,-0.11834137819312286
2004-12-27,108694.92098508876,109042.1510980924,-0.3184365949377578
2004-12-27,108727.48389116453,109042.1510980924,-0.28857391729626
2004-12-27,108760.03598330123,109042.1510980924,-0.25872115686473157
2004-12-27,108851.35308129499,109042.1510980924,-0.17497638745752359
2004-12-27,108881.35167383701,109042.1510980924,-0.14746538163094877
2004-12-28,108930.09258386368,109042.1510980924,-0.10276623590076196
2004-12-29,109123.91018776935,109123.91018776935,0.0
2005-01-03,108946.00388963414,109123.91018776935,-0.16303145463636745
2005-01-03,108537.3739873249,109123.91018776935,-0.5374955859217242
2005-01-06,108649.54371482109,109123.91018776935,-0.43470443107474205
2005-01-07,108719.28192991918,109123.91018776935,-0.3707970665218349
2005-01-07,108776.47464250332,109123.91018776935,-0.3183862681131862
2005-01-10,108597.03920624999,109123.91018776935,-0.4828190087880573
2005-01-10,108481.45407060978,109123.91018776935,-0.5887400076244494
2005-01-10,108602.84178602326,109123.91018776935,-0.47750158590311365
2005-01-10,108554.03479074137,109123.91018776935,-0.5222278014482763
2005-01-10,108579.6398028073,109123.91018776935,-0.49876363853303973
2005-01-10,108623.02249707122,109123.91018776935,-0.45900819521244673
2005-01-10,108518.6762590054,109123.91018776935,-0.5546299868860296
2005-01-10,108343.66952594124,109123.91018776935,-0.7150043106827371
2005-01-10,108228.67652358198,109123.91018776935,-0.8203826848276814
2005-01-10,108133.64407034381,109123.91018776935,-0.9074694223489465
2005-01-10,108081.63550854697,109123.91018776935,-0.9551295196707453
2005-01-10,108068.43381050484,109123.91018776935,-0.9672274164739447
2005-01-10,108018.54907286071,109123.91018776935,-1.012941263749294
2005-01-10,107935.47714105205,109123.91018776935,-1.0890675056203205
2005-01-10,107879.45810044825,109123.91018776935,-1.1404027634088383
2005-01-10,107846.38625287038,109123.91018776935,-1.1707094556094417
2005-01-10,107658.15245379125,109123.91018776935,-1.3432049231520125
2005-01-10,107563.55917704916,109123.91018776935,-1.429889203965743
2005-01-10,107509.4387878801,109123.91018776935,-1.4794845576109046
2005-01-10,107421.31042726911,109123.91018776935,-1.5602444574892644
2005-01-10,107364.5996919607,109123.91018776935,-1.6122135770074633
2005-01-10,107185.11937653266,109123.91018776935,-1.776687444484542
2005-01-11,107224.83313370122,109123.91018776935,-1.7402941764095392
2005-01-11,107059.13066191993,109123.91018776935,-1.892142173329889
2005-01-11,107089.187251478,109123.91018776935,-1.8645986317665897
2005-01-11,106587.49297579193,109123.91018776935,-2.3243459729522216
2005-01-11,106342.67924710455,109123.91018776935,-2.548690691049412
2005-01-11,106297.15099758262,109123.91018776935,-2.590412298572079
2005-01-12,106345.5613171905,109123.91018776935,-2.5460495924295117
2005-01-13,106362.1367361316,109123.91018776935,-2.530860053388459
2005-01-13,106401.54065397357,109123.91018776935,-2.494750718803422
2005-01-14,106422.37201324827,109123.91018776935,-2.4756610809423374
2005-01-14,106456.06708727867,109123.91018776935,-2.4447832705958947
2005-01-18,106350.7326933985,109123.91018776935,-2.541310597832356
2005-01-18,106385.42566309989,109123.91018776935,-2.5095183264211793
2005-01-18,106416.7179252135,109123.91018776935,-2.480842427564765
2005-01-18,106409.23659714781,109123.91018776935,-2.4876982376734835
2005-01-18,106522.75821183059,109123.91018776935,-2.3836682276716084
2005-01-18,106541.49286872701,109123.91018776935,-2.3664999857490168
2005-01-18,106635.45657089897,109123.91018776935,-2.2803926404291226
2005-01-18,106738.65682784688,109123.91018776935,-2.185821013761483
2005-01-18,106729.11653967056,109123.91018776935,-2.1945636331928235
2005-01-18,106830.0315207243,109123.91018776935,-2.1020862092441304
2005-01-18,106898.31052407029,109123.91018776935,-2.03951605094564
2005-01-18,106907.6124440022,109123.91018776935,-2.0309918696586027
2005-01-18,106993.36263316449,109123.91018776935,-1.9524113010052742
2005-01-18,107019.70978500985,109123.91018776935,-1.9282670490260123
2005-01-18,106990.40822703074,109123.91018776935,-1.955118687616208
2005-01-18,107004.44904433946,109123.91018776935,-1.9422518307701147
2005-01-18,107059.05338606886,109123.91018776935,-1.892212988104524
2005-01-18,106963.5217815765,109123.91018776935,-1.9797571425689047
2005-01-18,107071.3396077799,109123.91018776935,-1.8809540241525387
2005-01-19,107080.56301982596,109123.91018776935,-1.8725017866638043
2005-01-19,107021.78885585153,109123.91018776935,-1.9263618104416378
2005-01-19,107030.4448535096,109123.91018776935,-1.918429545511632
2005-01-19,107060.59361483758,109123.91018776935,-1.8908015387108326
2005-01-19,107081.92322620467,109123.91018776935,-1.8712553078890144
2005-01-19,107094.33526502649,109123.91018776935,-1.8598810464641287
2005-01-19,107068.0111143755,109123.91018776935,-1.8840042203915335
2005-01-24,107011.88064796674,109123.91018776935,-1.9354415876121376
2005-01-25,106911.33126418233,109123.91018776935,-2.0275839820804045
2005-01-25,106863.92948855492,109123.91018776935,-2.071022469159769
2005-01-26,106899.1453901024,109123.91018776935,-2.0387509885219384
2005-01-26,106938.83691147038,109123.91018776935,-2.0023780970999963
2005-01-26,106971.80345130867,109123.91018776935,-1.9721679078009071
2005-01-27,107042.24656914621,109123.91018776935,-1.9076145778145395
2005-01-27,107088.36423793416,109123.91018776935,-1.8653528326950748
2005-01-27,107355.62054128206,109123.91018776935,-1.6204419759561373
2005-01-27,107411.9828216355,109123.91018776935,-1.5687921768823543
2005-01-27,107714.72067020512,109123.91018776935,-1.291366406445148
2005-01-27,107812.24185391965,109123.91018776935,-1.2019990225723303
2005-01-27,108014.29463732918,109123.91018776935,-1.0168399835845827
2005-01-27,108120.51603976783,109123.91018776935,-0.9194998110633879
2005-01-27,108158.2209927133,109123.91018776935,-0.8849473899848282
2005-01-27,108255.22152829205,109123.91018776935,-0.7960571225706115
2005-01-27,108290.47737963453,109123.91018776935,-0.763749032362142
2005-01-27,108323.46779508491,109123.91018776935,-0.7335169637040242
2005-01-27,108689.00842494267,109123.91018776935,-0.3985393870860557
2005-01-27,108875.42236140883,109123.91018776935,-0.22771162244181678
2005-01-28,108859.88197778483,109123.91018776935,-0.24195266603827506
2005-01-28,108774.00629219791,109123.91018776935,-0.3206482382910912
2005-01-28,108738.70086122758,109123.91018776935,-0.3530017627474448
2005-01-28,108804.22407877292,109123.91018776935,-0.2929569774821475
2005-01-31,108806.06606043759,109123.91018776935,-0.2912690049182114
2005-01-31,108862.76507589535,109123.91018776935,-0.23931062534749836
2005-01-31,108839.57899804502,109123.91018776935,-0.2605581024681735
2005-01-31,108941.85557676906,109123.91018776935,-0.1668329247797568
2005-01-31,108950.84831162306,109123.91018776935,-0.15859207743609588
2005-01-31,108887.01244061944,109123.91018776935,-0.21709059613267126
2005-01-31,108886.09187093073,109123.91018776935,-0.2179341964830651
2005-01-31,108904.1078205456,109123.91018776935,-0.2014245703306757
2005-01-31,108943.65678946048,109123.91018776935,-0.16518231247276915
2005-01-31,108915.67319850766,109123.91018776935,-0.19082617998509335
2005-01-31,108834.50392878083,109123.91018776935,-0.26520884239808984
2005-01-31,108939.34965368299,109123.91018776935,-0.16912932625744612
2005-02-01,108956.59558870606,109123.91018776935,-0.15332533335305995
2005-02-01,108995.42333003726,109123.91018776935,-0.1177440008436294
2005-02-01,109026.74057496301,109123.91018776935,-0.08904520800174263
2005-02-01,109038.36735393442,109123.91018776935,-0.07839055041900238
2005-02-04,109057.38322269861,109123.91018776935,-0.06096460890767321
2005-02-04,109134.8013219069,109134.8013219069,0.0
2005-02-04,109249.26015179258,109249.26015179258,0.0
2005-02-07,109266.95185759125,109266.95185759125,0.0
2005-02-07,109217.36397132662,109266.95185759125,-0.045382327795931765
2005-02-07,109258.2966620891,109266.95185759125,-0.007921146655062973
2005-02-08,109419.87456379452,109419.87456379452,0.0
2005-02-11,109934.96782030485,109934.96782030485,0.0
2005-02-11,110039.72294928567,110039.72294928567,0.0
2005-02-11,109934.28481373224,110039.72294928567,-0.09581824883548774
2005-02-11,110150.43281617107,110150.43281617107,0.0
2005-02-14,110108.67628782146,110150.43281617107,-0.03790863756231887
2005-02-14,110080.27760792444,110150.43281617107,-0.0636903609482118
2005-02-14,109989.61700903768,110150.43281617107,-0.14599652767753807
2005-02-14,110081.08103997669,110150.43281617107,-0.06296096567329956
2005-02-14,110169.60812270085,110169.60812270085,0.0
2005-02-14,110254.0417037324,110254.0417037324,0.0
2005-02-14,110590.94333399647,110590.94333399647,0.0
2005-02-14,110775.46779345984,110775.46779345984,0.0
2005-02-14,110917.0696382751,110917.0696382751,0.0
2005-02-14,111025.05852397393,111025.05852397393,0.0
2005-02-14,111171.84928727297,111171.84928727297,0.0
2005-02-14,111447.9701786684,111447.9701786684,0.0
2005-02-15,111495.91678296398,111495.91678296398,0.0
2005-02-16,111672.2193404402,111672.2193404402,0.0
2005-02-16,111855.36411834868,111855.36411834868,0.0
2005-02-16,111750.4557323541,111855.36411834868,-0.09378932054039338
2005-02-17,112008.19072617141,112008.19072617141,0.0
2005-02-17,112378.64009691762,112378.64009691762,0.0
2005-02-18,112332.8736764596,112378.64009691762,-0.04072519512475998
2005-02-22,112052.8047425889,112378.64009691762,-0.28994420474185845
2005-02-22,112062.98519953745,112378.64009691762,-0.28088513716480457
2005-02-22,112033.65673303235,112378.64009691762,-0.3069830384028066
2005-02-22,111847.9592425654,112378.64009691762,-0.4722257307034062
2005-02-22,111730.42264786098,112378.64009691762,-0.5768155305114954
2005-02-22,111155.37419128483,112378.64009691762,-1.0885217195881831
2005-02-22,110973.6388796219,112378.64009691762,-1.2502386717653993
2005-02-24,110955.09498502487,112378.64009691762,-1.266739934443993
2005-02-24,111108.83089432013,112378.64009691762,-1.1299382173537442
2005-02-24,111277.04293020208,112378.64009691762,-0.9802549361386642
2005-02-25,111447.99876763136,112378.64009691762,-0.8281300863612981
2005-02-25,111578.39811153167,112378.64009691762,-0.7120943843917328
2005-02-25,111693.57326164893,112378.64009691762,-0.609605913257071
2005-02-25,111898.53862758056,112378.64009691762,-0.4272177247589073
2005-02-25,112097.47638842039,112378.64009691762,-0.25019319352392094
2005-02-25,112322.79686240637,112378.64009691762,-0.0496920361939707
2005-02-25,112498.59909755227,112498.59909755227,0.0
2005-02-25,112641.53012022156,112641.53012022156,0.0
2005-02-25,112776.20729736418,112776.20729736418,0.0
2005-02-25,112860.55709203701,112860.55709203701,0.0
2005-02-25,113043.67660490437,113043.67660490437,0.0
2005-02-28,113172.28330974276,113172.28330974276,0.0
2005-02-28,113317.55611864146,113317.55611864146,0.0
2005-02-28,113346.68785045952,113346.68785045952,0.0
2005-02-28,113336.88066402613,113346.68785045952,-0.008652380249813218
2005-02-28,113463.35310230419,113463.35310230419,0.0
2005-02-28,113734.293758872,113734.293758872,0.0
2005-02-28,113940.29501873418,113940.29501873418,0.0
2005-02-28,113992.3851621999,113992.3851621999,0.0
2005-02-28,114118.80983391695,114118.80983391695,0.0
2005-02-28,114011.75883741617,114118.80983391695,-0.09380661843264694
2005-02-28,113997.94854585851,114118.80983391695,-0.10590829700584528
2005-02-28,113821.50637086894,114118.80983391695,-0.2605209986685734
2005-02-28,113843.13465667584,114118.80983391695,-0.24156857019654557
2005-02-28,113750.8741542233,114118.80983391695,-0.3224145784810796
2005-02-28,113792.31352271818,114118.80983391695,-0.28610209979751944
2005-02-28,113728.98401970441,114118.80983391695,-0.34159645967205166
2005-02-28,113841.21287884285,114118.80983391695,-0.24325258515936204
2005-03-01,114014.90884009491,114118.80983391695,-0.09104633493221069
2005-03-02,114079.18665686612,114118.80983391695,-0.03472098693326439
2005-03-03,114261.65964745315,114261.65964745315,0.0
2005-03-03,114384.69074719526,114384.69074719526,0.0
2005-03-07,114365.78708496667,114384.69074719526,-0.01652639186687362
2005-03-08,114373.79645413197,114384.69074719526,-0.0095242580035198
2005-03-14,114473.60012367046,114473.60012367046,0.0
2005-03-14,114800.78992126067,114800.78992126067,0.0
2005-03-14,115061.40140859528,115061.40140859528,0.0
2005-03-14,115199.77959790787,115199.77959790787,0.0
2005-03-14,115333.76816165089,115333.76816165089,0.0
2005-03-14,115437.80062324369,115437.80062324369,0.0
2005-03-14,115526.06919730906,115526.06919730906,0.0
2005-03-14,118153.4155121985,118153.4155121985,0.0
2005-03-14,118420.74311209783,118420.74311209783,0.0
2005-03-14,118621.84289033462,118621.84289033462,0.0
2005-03-14,118850.32355532581,118850.32355532581,0.0
2005-03-14,118939.15084947589,118939.15084947589,0.0
2005-03-14,118935.16500413102,118939.15084947589,-0.003351163444838303
2005-03-14,119075.47436723245,119075.47436723245,0.0
2005-03-14,119092.18082984844,119092.18082984844,0.0
2005-03-14,119253.99366106662,119253.99366106662,0.0
2005-03-14,119646.98749372132,119646.98749372132,0.0
2005-03-15,119592.7527690333,119646.98749372132,-0.04532895129588584
2005-03-15,119463.6491745985,119646.98749372132,-0.15323270812183332
2005-03-15,119316.04149467047,119646.98749372132,-0.2766020323480477
2005-03-15,119185.03162863248,119646.98749372132,-0.38609903580988836
2005-03-15,119112.14552406022,119646.98749372132,-0.4470166619858784
2005-03-15,119102.37487988737,119646.98749372132,-0.4551828886310451
2005-03-15,118941.2335970218,119646.98749372132,-0.5898634904924417
2005-03-15,118824.22892957523,119646.98749372132,-0.687655060424539
2005-03-15,118656.94584720928,119646.98749372132,-0.8274689294320847
2005-03-15,118637.77407580365,119646.98749372132,-0.843492543404509
2005-03-16,118435.96199762772,119646.98749372132,-1.0121654723292974
2005-03-16,118508.24871963626,119646.98749372132,-0.9517488053301894
2005-03-17,118835.29388063039,119646.98749372132,-0.6784070623871962
2005-03-17,119150.44875828488,119646.98749372132,-0.41500312363693437
2005-03-18,118828.30692917791,119646.98749372132,-0.684246700809219
2005-03-21,118680.0463490548,119646.98749372132,-0.8081617138227236
2005-03-21,118517.42209851297,119646.98749372132,-0.944081768266525
2005-03-21,118835.38133589028,119646.98749372132,-0.6783339679769398
2005-03-21,118772.55266943698,119646.98749372132,-0.7308456674099114
2005-03-21,118373.82098892819,119646.98749372132,-1.0641024328840227
2005-03-21,118438.23427321193,119646.98749372132,-1.0102663224787167
2005-03-21,118393.24282199348,119646.98749372132,-1.0478698193664329
2005-03-21,118289.3067905442,119646.98749372132,-1.1347387273318215
2005-03-22,118450.39148494999,119646.98749372132,-1.000105421654787
2005-03-22,118231.27166474191,119646.98749372132,-1.1832440236355257
2005-03-22,118450.99581863623,119646.98749372132,-0.9996003243690897
2005-03-23,118516.18133040663,119646.98749372132,-0.9451187923758024
2005-03-23,118800.89065426658,119646.98749372132,-0.7071610052021898
2005-03-24,118937.1994304455,119646.98749372132,-0.5932352148131305
2005-03-28,118752.86014339693,119646.98749372132,-0.7473045239616313
2005-03-28,118277.8315472697,119646.98749372132,-1.1443296443409963
2005-03-28,117917.81683122757,119646.98749372132,-1.4452270790223547
2005-03-28,117997.6134423074,119646.98749372132,-1.3785337065009469
2005-03-28,118083.46653151627,119646.98749372132,-1.3067783777565602
2005-03-28,118151.00362264668,119646.98749372132,-1.2503314144479778
2005-03-28,118209.01104216222,119646.98749372132,-1.2018492748382439
2005-03-28,118131.51161732066,119646.98749372132,-1.2666226773826477
2005-03-28,117886.8050312868,119646.98749372132,-1.471146494621844
2005-03-28,118042.61990138737,119646.98749372132,-1.3409176661619993
2005-03-28,118462.3666804028,119646.98749372132,-0.9900966485935793
2005-03-28,118410.36063307044,119646.98749372132,-1.0335628890913582
2005-03-28,118374.60072405015,119646.98749372132,-1.0634507364741954
2005-03-28,118353.41946637582,119646.98749372132,-1.0811538630785626
2005-03-28,118453.53812032528,119646.98749372132,-0.9974754888489517
2005-03-28,118625.56878156193,119646.98749372132,-0.8536936312023624
2005-03-28,118297.53491173933,119646.98749372132,-1.127861729116078
2005-03-28,118140.47172651159,119646.98749372132,-1.259133889425159
2005-03-28,118192.05362728932,119646.98749372132,-1.2160221472423993
2005-03-28,117964.26189785337,119646.98749372132,-1.406408661944998
2005-03-28,117992.94560062722,119646.98749372132,-1.3824350514306871
2005-03-28,117878.69700343064,119646.98749372132,-1.4779231197805696
2005-03-28,117792.7119465852,119646.98749372132,-1.5497887460254045
2005-03-28,117679.7578937186,119646.98749372132,-1.644194844526233
2005-03-28,117664.45281009832,119646.98749372132,-1.6569867116186596
2005-03-29,117357.00345973016,119646.98749372132,-1.913950431983364
2005-03-29,117347.12395906325,119646.98749372132,-1.922207640019988
2005-03-30,117644.44421889895,119646.98749372132,-1.6737097329153023
2005-03-30,117021.54937957527,119646.98749372132,-2.194320282642989
2005-03-30,117021.10697787056,119646.98749372132,-2.194690038467168
2005-03-31,117373.83169025992,119646.98749372132,-1.8998855308251592
2005-03-31,117532.68883847994,119646.98749372132,-1.767113990523439
2005-04-01,117347.55921858805,119646.98749372132,-1.9218438535729379
2005-04-01,117534.05972947837,119646.98749372132,-1.7659682107364645
2005-04-01,117755.27138741108,119646.98749372132,-1.5810812674322539
2005-04-01,117894.61505303397,119646.98749372132,-1.4646189405974892
2005-04-01,118057.73432477153,119646.98749372132,-1.3282851513776588
2005-04-04,117902.07189266826,119646.98749372132,-1.458386573372459
2005-04-04,117846.89046722649,119646.98749372132,-1.5045067696245087
2005-04-04,117843.51250749493,119646.98749372132,-1.50733004148644
2005-04-04,118135.86869583263,119646.98749372132,-1.2629810658358505
2005-04-04,118080.41827004355,119646.98749372132,-1.3093260904374855
2005-04-05,117955.51404589917,119646.98749372132,-1.4137200469931712
2005-04-05,117885.86359680767,119646.98749372132,-1.471933338067592
2005-04-06,117936.42374791949,119646.98749372132,-1.4296755661245517
2005-04-07,117939.15248437684,119646.98749372132,-1.4273949099086984
2005-04-07,118052.97426461092,119646.98749372132,-1.332263571779476
2005-04-08,117936.42172193497,119646.98749372132,-1.4296772594262896
2005-04-08,117923.73184933873,119646.98749372132,-1.440283353956588
2005-04-08,117972.10103567658,119646.98749372132,-1.399856772935995
2005-04-08,118127.34296854703,119646.98749372132,-1.2701068008536616
2005-04-11,118084.96570437246,119646.98749372132,-1.305525381013733
2005-04-11,118021.29107732691,119646.98749372132,-1.358744127577569
2005-04-11,117842.4918334003,119646.98749372132,-1.5081831127722374
2005-04-11,117844.01850237497,119646.98749372132,-1.5069071349924006
2005-04-18,117813.08460231102,119646.98749372132,-1.532761442494767
2005-04-18,117406.2759591551,119646.98749372132,-1.8727688690731155
2005-04-18,117025.49156662461,119646.98749372132,-2.1910254340789614
2005-04-18,116973.79689388807,119646.98749372132,-2.2342314301674597
2005-04-18,116800.60366350983,119646.98749372132,-2.3789849538508925
2005-04-18,116508.26424048594,119646.98749372132,-2.6233199171856216
2005-04-18,116367.95571983092,119646.98749372132,-2.7405886621779514
2005-04-18,116073.8793032696,119646.98749372132,-2.98637539088832
2005-04-18,116003.51591218183,119646.98749372132,-3.0451845532096544
2005-04-18,115829.63313787387,119646.98749372132,-3.190514392222178
2005-04-19,115977.4918454789,119646.98749372132,-3.066935261061195
2005-04-20,116066.18052665016,119646.98749372132,-2.992809967120204
2005-04-21,116000.0853328666,119646.98749372132,-3.0480518041008735
2005-04-22,116009.04224606974,119646.98749372132,-3.040565687324539
2005-05-02,116025.52316268296,119646.98749372132,-3.026791068373867
2005-05-02,116135.34530705906,119646.98749372132,-2.935002594065759
2005-05-02,116113.41931766763,119646.98749372132,-2.953328161512727
2005-05-02,115809.6404285741,119646.98749372132,-3.2072241395535244
2005-05-04,116005.95043878668,119646.98749372132,-3.0431497952472144
2005-05-04,116229.86475871818,119646.98749372132,-2.8560039885521227
2005-05-04,116365.2653852021,119646.98749372132,-2.742837222451111
2005-05-04,116481.00897842948,119646.98749372132,-2.646099648315821
2005-05-04,116550.1579752332,119646.98749372132,-2.58830546707298
2005-05-04,116640.24166303362,119646.98749372132,-2.513014237692761
2005-05-04,116702.6915573601,119646.98749372132,-2.4608191129891375
2005-05-04,116769.87254676508,119646.98749372132,-2.404669776668818
2005-05-04,116828.7860493643,119646.98749372132,-2.3554303400283376
2005-05-05,116924.92302352526,119646.98749372132,-2.27507982207985
2005-05-06,117053.5918924145,119646.98749372132,-2.1675394054053525
2005-05-10,117582.03971690909,119646.98749372132,-1.7258669190652145
2005-05-12,117731.94040223928,119646.98749372132,-1.600581119171536
2005-05-13,117518.06083851097,119646.98749372132,-1.7793399564883068
2005-05-13,117613.18213736698,119646.98749372132,-1.6998383318769843
2005-05-16,117679.87278665885,119646.98749372132,-1.6440988179210945
2005-05-16,117854.79107839208,119646.98749372132,-1.497903501685142
2005-05-16,117937.20323693306,119646.98749372132,-1.4290240754101606
2005-05-16,117913.42939491343,119646.98749372132,-1.4488940633786194
2005-05-16,117895.42847367185,119646.98749372132,-1.4639390901015192
2005-05-18,118215.23374833104,119646.98749372132,-1.1966483865424615
2005-05-18,118789.43432527815,119646.98749372132,-0.7167361138015816
2005-05-18,118969.29209399778,119646.98749372132,-0.5664124220086217
2005-05-18,119096.19299131885,119646.98749372132,-0.46034966190132487
2005-05-18,119522.76312344048,119646.98749372132,-0.10382574010678922
2005-05-18,119606.0438596244,119646.98749372132,-0.03422036354994729
2005-05-18,120123.09696350184,120123.09696350184,0.0
2005-05-18,119863.84245649347,120123.09696350184,-0.21582402848566604
2005-05-18,119946.5506306559,120123.09696350184,-0.1469711798219674
2005-05-19,120031.2898877164,120123.09696350184,-0.07642749654826042
2005-05-19,120429.60139755814,120429.60139755814,0.0
2005-05-19,120728.80598871046,120728.80598871046,0.0
2005-05-20,120623.1479309193,120728.80598871046,-0.08751685807366189
2005-05-23,120499.96021385567,120728.80598871046,-0.18955358083819285
2005-05-27,120596.5475943978,120728.80598871046,-0.10954998952365536
2005-05-31,120762.03968626651,120762.03968626651,0.0
2005-05-31,121120.29305361539,121120.29305361539,0.0
2005-05-31,121847.31821102438,121847.31821102438,0.0
2005-05-31,121967.83891184979,121967.83891184979,0.0
2005-05-31,122063.82687421612,122063.82687421612,0.0
2005-05-31,122118.04978937142,122118.04978937142,0.0
2005-05-31,122472.31646618198,122472.31646618198,0.0
2005-05-31,122481.60654000787,122481.60654000787,0.0
2005-05-31,121943.78194725291,122481.60654000787,-0.4391064160146207
2005-05-31,122048.62863892049,122481.60654000787,-0.35350442676137317
2005-06-02,122237.16372444604,122481.60654000787,-0.19957512190369314
2005-06-03,122302.919010812,122481.60654000787,-0.14588927614817343
2005-06-03,122447.31689676098,122481.60654000787,-0.027995749088810102
2005-06-07,122492.31371309166,122492.31371309166,0.0
2005-06-07,122724.51905278239,122724.51905278239,0.0
2005-06-07,122624.69536756842,122724.51905278239,-0.08133964262759433
2005-06-08,122836.52643199725,122836.52643199725,0.0
2005-06-09,122843.91178571469,122843.91178571469,0.0
2005-06-10,123077.64558837592,123077.64558837592,0.0
2005-06-13,123239.16618792218,123239.16618792218,0.0
2005-06-13,123219.02469304968,123239.16618792218,-0.016343420274190022
2005-06-13,122966.76849762572,123239.16618792218,-0.2210317537211315
2005-06-13,122704.52920471529,123239.16618792218,-0.4338206754755572
2005-06-13,122441.03497346294,123239.16618792218,-0.6476278922905085
2005-06-13,122173.95702823906,123239.16618792218,-0.8643430433948438
2005-06-14,122241.19373409878,123239.16618792218,-0.8097851394918029
2005-06-15,122299.98717670648,123239.16618792218,-0.7620783556613723
2005-06-15,122422.21682095109,123239.16618792218,-0.6628975124071858
2005-06-15,122548.72922193003,123239.16618792218,-0.5602415103485302
2005-06-15,122723.40794957899,123239.16618792218,-0.4185018888854939
2005-06-15,122952.88652601636,123239.16618792218,-0.23229600683055995
2005-06-15,123125.91032792536,123239.16618792218,-0.0918992423432327
2005-06-20,122847.65185569205,123239.16618792218,-0.3176866124143736
2005-06-20,123003.07839015302,123239.16618792218,-0.19156880484663122
2005-06-20,122914.4749326584,123239.16618792218,-0.26346433954987375
2005-06-20,123063.69113793777,123239.16618792218,-0.1423857815759919
2005-06-23,122961.68233770457,123239.16618792218,-0.22515881825627587
2005-06-27,122738.82056845362,123239.16618792218,-0.4059956221268172
2005-06-27,122686.13338884084,123239.16618792218,-0.44874759882588156
2005-06-27,122824.95243550773,123239.16618792218,-0.33610561092472185
2005-06-27,122468.42270204281,123239.16618792218,-0.6254046580484789
2005-06-27,122774.48007862906,123239.16618792218,-0.3770604132330311
2005-06-27,122597.53733161018,123239.16618792218,-0.5206371287303345
2005-06-27,122516.78903066368,123239.16618792218,-0.5861587509907145
2005-06-27,122607.31283659022,123239.16618792218,-0.5127049872834013
2005-06-27,122033.82974075779,123239.16618792218,-0.9780465776005177
2005-06-28,122092.99258778318,123239.16618792218,-0.9300400478134062
2005-06-28,121983.96236548899,123239.16618792218,-1.0185104794681787
2005-06-28,121979.68211866256,123239.16618792218,-1.0219836016571917
2005-06-28,121918.53136812297,123239.16618792218,-1.071603176692566
2005-06-28,121682.20291672568,123239.16618792218,-1.263367255197384
2005-06-28,121877.78536413894,123239.16618792218,-1.1046657210479094
2005-06-28,121991.16811633042,123239.16618792218,-1.0126635145264966
2005-06-28,122011.31095699331,123239.16618792218,-0.9963190022371295
2005-06-28,121832.64216912336,123239.16618792218,-1.1412962796697885
2005-06-28,121675.65083656656,123239.16618792218,-1.2686838119072275
2005-06-28,121733.59442096003,123239.16618792218,-1.2216666288267233
2005-06-28,122057.59173415946,123239.16618792218,-0.9587653749303895
2005-06-28,122028.82990383866,123239.16618792218,-0.9821035970317484
2005-06-28,122374.73142396817,123239.16618792218,-0.7014286047958703
2005-06-29,122558.86546473455,123239.16618792218,-0.5520166552817013
2005-06-29,122882.89170518551,123239.16618792218,-0.28909192893548286
2005-06-29,122983.36863766944,123239.16618792218,-0.2075618962422107
2005-06-29,122751.0258178431,123239.16618792218,-0.3960919123184741
2005-06-29,123013.92447952299,123239.16618792218,-0.18276795873134033
2005-06-30,123076.4848411553,123239.16618792218,-0.13200458247081745
2005-06-30,123215.49341584188,123239.16618792218,-0.019208805781925863
2005-06-30,123674.48612474224,123674.48612474224,0.0
2005-06-30,123928.02540496434,123928.02540496434,0.0
2005-07-01,123940.65969980923,123940.65969980923,0.0
2005-07-01,124006.88317895605,124006.88317895605,0.0
2005-07-01,124204.65717080445,124204.65717080445,0.0
2005-07-05,124608.50289479761,124608.50289479761,0.0
2005-07-05,124535.9092673996,124608.50289479761,-0.05825736262901121
2005-07-06,124534.87581595912,124608.50289479761,-0.05908672131359045
2005-07-06,124605.64451604834,124608.50289479761,-0.002293887401633609
2005-07-06,124668.18949183609,124668.18949183609,0.0
2005-07-08,124673.75070442785,124673.75070442785,0.0
2005-07-08,124723.56521065484,124723.56521065484,0.0
2005-07-11,124793.84614707352,124793.84614707352,0.0
2005-07-11,124873.88054157892,124873.88054157892,0.0
2005-07-11,124935.16922772904,124935.16922772904,0.0
2005-07-15,124948.75281086194,124948.75281086194,0.0
2005-07-18,124988.44995118021,124988.44995118021,0.0
2005-07-18,125023.98276048436,125023.98276048436,0.0
2005-07-18,124984.02343868872,125023.98276048436,-0.031961325270044375
2005-07-18,124910.39025778034,125023.98276048436,-0.09085657023231844
2005-07-19,124913.02645851206,125023.98276048436,-0.08874801419889533
2005-07-19,124939.14123064751,125023.98276048436,-0.06786020406931434
2005-07-20,125063.7578484687,125063.7578484687,0.0
2005-07-20,125110.00088823134,125110.00088823134,0.0
2005-07-20,125162.32009363547,125162.32009363547,0.0
2005-07-21,125267.76219850541,125267.76219850541,0.0
2005-07-22,125345.93258372342,125345.93258372342,0.0
2005-07-22,125483.85404469733,125483.85404469733,0.0
2005-07-22,125368.27681892616,125483.85404469733,-0.09210525660935713
2005-07-22,125365.33304275214,125483.85404469733,-0.09445119680733935
2005-07-25,125384.32519280075,125483.85404469733,-0.0793160623366975
2005-07-25,125398.24867031032,125483.85404469733,-0.06822023043420526
2005-07-25,125287.3439992373,125483.85404469733,-0.15660185683333852
2005-07-25,125327.06731269282,125483.85404469733,-0.12494574158414949
2005-07-25,125284.87189717533,125483.85404469733,-0.15857191272682086
2005-07-25,125294.81348580401,125483.85404469733,-0.1506493088951385
2005-07-25,125287.88051467467,125483.85404469733,-0.15617429948625464
2005-07-26,125270.23716742493,125483.85404469733,-0.17023455240410024
2005-07-26,125356.66851608241,125483.85404469733,-0.10135609045735766
2005-07-26,125313.64169869201,125483.85404469733,-0.13564481845185966
2005-07-28,125418.91308803379,125483.85404469733,-0.05175244031029848
2005-07-28,125475.20174730886,125483.85404469733,-0.006895147948985732
2005-07-28,125607.46784238891,125607.46784238891,0.0
2005-07-29,125723.54727112663,125723.54727112663,0.0
2005-07-29,125732.92341796932,125732.92341796932,0.0
2005-07-29,125839.26971835572,125839.26971835572,0.0
2005-08-01,125630.24168563743,125839.26971835572,-0.16610715652285318
2005-08-01,125626.5712542148,125839.26971835572,-0.16902391806386663
2005-08-01,125577.04713098615,125839.26971835572,-0.20837898054912352
2005-08-01,125499.40837754974,125839.26971835572,-0.270075741512668
2005-08-01,125475.7376714753,125839.26971835572,-0.2888860112539145
2005-08-01,125745.19665620764,125839.26971835572,-0.07475652263289798
2005-08-02,125820.77084657822,125839.26971835572,-0.014700396640015892
2005-08-02,125727.7056400428,125839.26971835572,-0.08865601219922427
2005-08-02,125773.91554467891,125839.26971835572,-0.051934641565451106
2005-08-03,125804.15319364262,125839.26971835572,-0.027905855454894643
2005-08-08,125613.1941771941,125839.26971835572,-0.17965420624865172
2005-08-08,125388.04796487292,125839.26971835572,-0.3585699078615807
2005-08-08,125017.5486733309,125839.26971835572,-0.6529925410914574
2005-08-08,124938.40951327524,125839.26971835572,-0.7158816219266976
2005-08-09,125106.8684455286,125839.26971835572,-0.5820132892270642
2005-08-09,125199.29572844006,125839.26971835572,-0.5085646089237476
2005-08-10,125360.72674986707,125839.26971835572,-0.38028110744737126
2005-08-11,125480.02893521335,125839.26971835572,-0.28547589631312154
2005-08-11,125759.48320397464,125839.26971835572,-0.06340351033477076
2005-08-11,125908.5726051537,125908.5726051537,0.0
2005-08-11,126108.89604575888,126108.89604575888,0.0
2005-08-11,126231.5568804239,126231.5568804239,0.0
2005-08-11,126383.24268158973,126383.24268158973,0.0
2005-08-11,126699.13532599887,126699.13532599887,0.0
2005-08-11,126871.66910726739,126871.66910726739,0.0
2005-08-11,127479.73543452285,127479.73543452285,0.0
2005-08-11,127722.81434826364,127722.81434826364,0.0
2005-08-11,128002.71242691703,128002.71242691703,0.0
2005-08-11,128033.7135705255,128033.7135705255,0.0
2005-08-11,128093.97585264835,128093.97585264835,0.0
2005-08-11,128219.54691069046,128219.54691069046,0.0
2005-08-12,128403.06947106007,128403.06947106007,0.0
2005-08-12,128499.18888177816,128499.18888177816,0.0
2005-08-12,128464.82722760446,128499.18888177816,-0.026740755698709213
2005-08-12,128609.63452346576,128609.63452346576,0.0
2005-08-15,128683.80878607299,128683.80878607299,0.0
2005-08-15,128828.42993223266,128828.42993223266,0.0
2005-08-15,128909.60452120748,128909.60452120748,0.0
2005-08-15,128894.51517306695,128909.60452120748,-0.011705371524938658
2005-08-15,128540.28529582295,128909.60452120748,-0.28649473152621097
2005-08-15,128303.36780791798,128909.60452120748,-0.47028048495003094
2005-08-15,128381.1186333137,128909.60452120748,-0.4099662626820313
2005-08-15,128605.04086922592,128909.60452120748,-0.23626141210560825
2005-08-15,128652.12777167854,128909.60452120748,-0.19973434135125515
2005-08-16,128453.43218808329,128909.60452120748,-0.353869934531642
2005-08-16,128370.20490344263,128909.60452120748,-0.4184324509940704
2005-08-17,128489.02898953672,128909.60452120748,-0.3262561647232226
2005-08-18,128310.63936647362,128909.60452120748,-0.4646396651037121
2005-08-22,128444.65031528212,128909.60452120748,-0.3606823616070178
2005-08-22,128697.17791220643,128909.60452120748,-0.16478726297395663
2005-08-22,128959.20887573845,128959.20887573845,0.0
2005-08-22,129253.85420435377,129253.85420435377,0.0
2005-08-22,129211.3861972885,129253.85420435377,-0.03285627908481972
2005-08-22,129353.43152679807,129353.43152679807,0.0
2005-08-22,129544.2630438017,129544.2630438017,0.0
2005-08-22,129700.2191103265,129700.2191103265,0.0
2005-08-22,129541.2006863497,129700.2191103265,-0.1226045916248976
2005-08-22,128690.71115556052,129700.2191103265,-0.778339436656826
2005-08-23,128895.39314612398,129700.2191103265,-0.6205278369791462
2005-08-23,128880.89391945957,129700.2191103265,-0.6317068671796101
2005-08-23,128934.7392265165,129700.2191103265,-0.5901916658744213
2005-08-23,128927.87714668686,129700.2191103265,-0.595482389264638
2005-08-23,128799.99307114122,129700.2191103265,-0.6940821267383781
2005-08-24,129027.93122476438,129700.2191103265,-0.5183398225335746
2005-08-25,129342.73349119749,129700.2191103265,-0.2756245298436462
2005-08-25,129958.55874353461,129958.55874353461,0.0
2005-08-26,129875.44940241547,129958.55874353461,-0.06395064851646351
2005-08-26,129515.37592923643,129958.55874353461,-0.3410185666746102
2005-08-26,129367.23918048378,129958.55874353461,-0.45500624873638423
2005-08-26,129025.24166522092,129958.55874353461,-0.7181651499810285
2005-08-29,129014.54865157709,129958.55874353461,-0.7263931680101707
2005-08-29,128908.78532658468,129958.55874353461,-0.8077755148251493
2005-08-29,128639.81896404727,129958.55874353461,-1.0147386922701975
2005-08-29,128491.29513894864,129958.55874353461,-1.1290242203143583
2005-08-29,128431.23911373757,129958.55874353461,-1.1752358940907586
2005-08-29,128276.9948196009,129958.55874353461,-1.293923186122869
2005-08-29,127891.81096108211,129958.55874353461,-1.5903129447065505
2005-08-29,127820.63280533263,129958.55874353461,-1.6450828316902537
2005-08-30,127832.59557470235,129958.55874353461,-1.635877767025499
2005-08-30,127858.51663275066,129958.55874353461,-1.615932133356647
2005-08-30,127680.20416134143,129958.55874353461,-1.7531393116550116
2005-08-31,127505.63536167945,129958.55874353461,-1.8874658241600346
2005-08-31,128304.22360980278,129958.55874353461,-1.2729712838663914
2005-08-31,128507.03937858214,129958.55874353461,-1.1169094048026182
2005-09-01,128920.38827377817,129958.55874353461,-0.798847324711571
2005-09-01,129036.2705124158,129958.55874353461,-0.7096787160735564
2005-09-01,129443.44732511506,129958.55874353461,-0.3963659057162123
2005-09-02,129600.02918691128,129958.55874353461,-0.2758799113268575
2005-09-06,129339.98939420753,129958.55874353461,-0.4759743069694935
2005-09-06,129688.65674170955,129958.55874353461,-0.20768312947952489
2005-09-06,129807.1432194217,129958.55874353461,-0.11651062121403954
2005-09-06,129984.08544490993,129984.08544490993,0.0
2005-09-06,129938.36767707003,129984.08544490993,-0.03517181944498756
2005-09-06,129816.69048124852,129984.08544490993,-0.12878112200309175
2005-09-06,129211.4672103374,129984.08544490993,-0.5943944844693907
2005-09-06,129362.29478378537,129984.08544490993,-0.4783590691093369
2005-09-06,129020.00810258728,129984.08544490993,-0.7416887529137143
2005-09-06,128984.5316658545,129984.08544490993,-0.7689816608195895
2005-09-06,128585.14726260472,129984.08544490993,-1.0762380467708181
2005-09-07,128793.51078903888,129984.08544490993,-0.9159387872722649
2005-09-08,128890.44317874112,129984.08544490993,-0.8413662814378313
2005-09-09,129077.2478370828,129984.08544490993,-0.697652797050653
2005-09-12,128900.50237846818,129984.08544490993,-0.8336274881135278
2005-09-12,128719.33154474219,129984.08544490993,-0.9730067306614748
2005-09-15,128586.99835338777,129984.08544490993,-1.0748139564472114
2005-09-16,128669.19532025504,129984.08544490993,-1.0115777790444747
2005-09-16,128813.7826723967,129984.08544490993,-0.9003431216271677
2005-09-16,129256.20388711343,129984.08544490993,-0.5599774428577964
2005-09-19,130463.76109558222,130463.76109558222,0.0
2005-09-19,130734.50345956186,130734.50345956186,0.0
2005-09-19,130986.66677093202,130986.66677093202,0.0
2005-09-19,131079.39080048667,131079.39080048667,0.0
2005-09-19,131027.73066673239,131079.39080048667,-0.039411331894967705
2005-09-19,130579.51890019354,131079.39080048667,-0.38135049090514705
2005-09-19,129973.51730699728,131079.39080048667,-0.8436669462193452
2005-09-19,130522.67294736454,131079.39080048667,-0.4247180656869989
2005-09-20,130594.82166475354,131079.39080048667,-0.3696760663700951
2005-09-20,130461.36078879335,131079.39080048667,-0.4714928929094677
2005-09-20,130415.35649180696,131079.39080048667,-0.5065894070948352
2005-09-20,130384.48055805938,131079.39080048667,-0.5301445468914294
2005-09-20,130107.99605308763,131079.39080048667,-0.741073590185952
2005-09-20,129724.97537490886,131079.39080048667,-1.0332787002644381
2005-09-20,129667.02750957491,131079.39080048667,-1.0774869201684716
2005-09-20,129606.82835942869,131079.39080048667,-1.123412637230924
2005-09-20,129410.59968538949,131079.39080048667,-1.2731147931845452
2005-09-20,129173.37853913863,131079.39080048667,-1.4540899600678934
2005-09-21,129421.70038691307,131079.39080048667,-1.2646461075614353
2005-09-23,129499.32699244692,131079.39080048667,-1.2054250469051473
2005-09-23,129824.25686054786,131079.39080048667,-0.9575372087662685
2005-09-23,130119.5342447379,131079.39080048667,-0.732271144904658
2005-09-23,130208.81959604217,131079.39080048667,-0.6641556686585266
2005-09-23,130038.70786786712,131079.39080048667,-0.7939332997080729
2005-09-23,129634.5329336589,131079.39080048667,-1.1022769163055934
2005-09-23,129604.10940261475,131079.39080048667,-1.1254869196923696
2005-09-23,129653.62980501633,131079.39080048667,-1.0877079812191521
2005-09-23,129153.49937900463,131079.39080048667,-1.469255700473464
2005-09-23,129047.24430450844,131079.39080048667,-1.5503173180529357
2005-09-23,129084.08738604577,131079.39080048667,-1.5222098624778586
2005-09-23,129434.34873677787,131079.39080048667,-1.2549967265355093
2005-09-26,129579.46313628074,131079.39080048667,-1.1442894684252363
2005-09-26,129653.34532129072,131079.39080048667,-1.0879250128393598
2005-09-26,130049.2490331227,131079.39080048667,-0.7858914823093163
2005-09-26,130013.5940227079,131079.39080048667,-0.8130925626599829
2005-09-26,130131.21404402867,131079.39080048667,-0.7233606676591854
2005-09-26,130340.11638636717,131079.39080048667,-0.5639898153362146
2005-09-26,130612.32511061727,131079.39080048667,-0.3563227499129219
2005-09-26,130761.01270979136,131079.39080048667,-0.24288951051039012
2005-09-26,130772.61543699836,131079.39080048667,-0.23403783128291208
2005-09-26,130639.48747440409,131079.39080048667,-0.33560067940211125
2005-09-26,130453.40187973478,131079.39080048667,-0.47756471626015684
2005-09-26,130340.55653067553,131079.39080048667,-0.5636540308122902
2005-09-26,130576.05885042518,131079.39080048667,-0.38399015053983615
2005-09-26,130346.67331530343,131079.39080048667,-0.5589875576233746
2005-09-26,129914.04776692488,131079.39080048667,-0.8890360463572295
2005-09-26,129176.50696826796,131079.39080048667,-1.4517032926366351
2005-09-26,129209.39941549845,131079.39080048667,-1.4266097618919291
2005-09-27,129505.30740480717,131079.39080048667,-1.200862611633111
2005-09-28,129926.56459647464,131079.39080048667,-0.8794870017108375
2005-09-28,130166.20624992737,131079.39080048667,-0.6966652385112422
2005-09-29,130327.50712230621,131079.39080048667,-0.5736093779417115
2005-09-29,129774.08879078651,131079.39080048667,-0.9958102503595943
2005-09-29,129844.97253837949,131079.39080048667,-0.9417332919910077
2005-09-29,129928.18832106687,131079.39080048667,-0.8782482680072992
2005-09-30,130349.20159052999,131079.39080048667,-0.5570587454652443
2005-09-30,130788.23974019045,131079.39080048667,-0.22211810607159274
2005-10-03,130521.61120684052,131079.39080048667,-0.4255280637481244
2005-10-03,130573.88668768748,131079.39080048667,-0.3856472857495989
2005-10-04,130500.3377232152,131079.39080048667,-0.4417575285750566
2005-10-04,130579.96684554928,131079.39080048667,-0.38100875498998316
2005-10-05,130384.13485127885,131079.39080048667,-0.5304082853619984
2005-10-06,129803.26407732541,131079.39080048667,-0.9735525282564254
2005-10-07,128817.40098072572,131079.39080048667,-1.7256639704741024
2005-10-10,128836.56439195,131079.39080048667,-1.7110442723604273
2005-10-10,128765.30896598914,131079.39080048667,-1.7654047828309978
2005-10-10,128750.79769335779,131079.39080048667,-1.776475380995007
2005-10-10,128661.71841432193,131079.39080048667,-1.8444336454421155
2005-10-10,128652.34394197735,131079.39080048667,-1.8515853969778346
2005-10-14,128591.60669103969,131079.39080048667,-1.897921629215979
2005-10-14,128509.91938452351,131079.39080048667,-1.9602405841770323
2005-10-14,128384.9083524601,131079.39080048667,-2.055611054927609
2005-10-14,128396.47681026376,131079.39080048667,-2.0467855197057765
2005-10-14,128426.45975830789,131079.39080048667,-2.023911635519237
2005-10-14,128306.54772879684,131079.39080048667,-2.115392095398367
2005-10-14,128282.7008015003,131079.39080048667,-2.1335848312288546
2005-10-14,128142.59026329823,131079.39080048667,-2.240474661389357
2005-10-17,128040.07612022337,131079.39080048667,-2.3186823357223094
2005-10-17,127993.8592734776,131079.39080048667,-2.35394100336146
2005-10-17,127920.61732730753,131079.39080048667,-2.4098170230185527
2005-10-24,128081.37801506007,131079.39080048667,-2.2871732673748983
2005-10-31,128078.51298662946,131079.39080048667,-2.2893589873520126
2005-11-03,128399.1620661517,131079.39080048667,-2.044736947560656
2005-11-07,128465.61840697391,131079.39080048667,-1.9940376420356798
2005-11-07,128479.55950889517,131079.39080048667,-1.9834020250739894
2005-11-08,128652.39515973417,131079.39080048667,-1.8515463231337288
2005-11-08,128595.8126101318,131079.39080048667,-1.8947129485328995
2005-11-10,128844.50638488214,131079.39080048667,-1.7049853542622857
2005-11-11,128475.12275674343,131079.39080048667,-1.9867868074754387
2005-11-11,128626.3243214077,131079.39080048667,-1.8714356727616608
2005-11-11,128814.57754438814,131079.39080048667,-1.727817959991706
2005-11-11,129521.39851023893,131079.39080048667,-1.1885867646571002
2005-11-11,129342.41113582015,131079.39080048667,-1.3251355945881242
2005-11-11,129451.13817197736,131079.39080048667,-1.2421881262689383
2005-11-14,129484.7464710462,131079.39080048667,-1.2165484747084696
2005-11-14,129528.26870269567,131079.39080048667,-1.1833455193211342
2005-11-14,129619.19578348646,131079.39080048667,-1.1139775735018047
2005-11-14,129474.0683359113,131079.39080048667,-1.2246947859399153
2005-11-14,129628.09983991226,131079.39080048667,-1.1071847005936937
2005-11-14,129414.37372300544,131079.39080048667,-1.2702355933401597
2005-11-15,129165.77204542918,131079.39080048667,-1.459892927004951
2005-11-16,129229.94839170555,131079.39080048667,-1.4109330211918056
2005-11-17,129483.13516439944,131079.39080048667,-1.2177777348056604
2005-11-18,129548.75802183287,131079.39080048667,-1.1677142907869842
2005-11-21,129604.07426251806,131079.39080048667,-1.125513727946875
2005-11-22,129702.86054479521,131079.39080048667,-1.050150025328271
2005-12-01,129948.79550253786,131079.39080048667,-0.8625271227188286
2005-12-01,130217.8507993,131079.39080048667,-0.657265795885492
2005-12-01,130752.3148262683,131079.39080048667,-0.24952509484592322
2005-12-01,130897.41749621979,131079.39080048667,-0.1388267851685848
2005-12-02,131183.84576287042,131183.84576287042,0.0
2005-12-02,131710.7807317812,131710.7807317812,0.0
2005-12-02,131973.03771478147,131973.03771478147,0.0
2005-12-02,132109.73133992046,132109.73133992046,0.0
2005-12-02,133039.54944205086,133039.54944205086,0.0
2005-12-05,133550.31791808712,133550.31791808712,0.0
2005-12-05,133409.57881527577,133550.31791808712,-0.10538282873850661
2005-12-05,133867.10590127663,133867.10590127663,0.0
2005-12-05,134008.4691349474,134008.4691349474,0.0
2005-12-05,133709.90273339066,134008.4691349474,-0.22279666612420376
2005-12-05,133581.656922201,134008.4691349474,-0.3184964469048692
2005-12-05,133542.28923080247,134008.4691349474,-0.34787346438192684
2005-12-05,133798.15026227885,134008.4691349474,-0.15694446330608783
2005-12-06,133919.97926514727,134008.4691349474,-0.06603304281539434
2005-12-06,133858.12392779233,134008.4691349474,-0.1121908250467904
2005-12-06,133619.69073702436,134008.4691349474,-0.2901147967980606
2005-12-08,133656.59179983055,134008.4691349474,-0.26257843059344743
2005-12-08,133620.62992710026,134008.4691349474,-0.2894139529767931
2005-12-08,133790.57131283582,134008.4691349474,-0.16260003827978856
2005-12-12,133840.60445491603,134008.4691349474,-0.12526423226455327
2005-12-12,134017.84710408002,134017.84710408002,0.0
2005-12-12,134159.3175201843,134159.3175201843,0.0
2005-12-12,134565.64231802445,134565.64231802445,0.0
2005-12-12,134666.9672578451,134666.9672578451,0.0
2005-12-12,134710.41486788364,134710.41486788364,0.0
2005-12-12,134605.75535788818,134710.41486788364,-0.07769221859950592
2005-12-12,134544.33150639027,134710.41486788364,-0.12328917675463366
2005-12-12,134368.54806534102,134710.41486788364,-0.2537790436455114
2005-12-12,134503.10764832768,134710.41486788364,-0.1538910111436194
2005-12-12,134731.9166031266,134731.9166031266,0.0
2005-12-12,134935.1327209876,134935.1327209876,0.0
2005-12-12,134388.54157659944,134935.1327209876,-0.40507696799645065
2005-12-12,134631.89116045524,134935.1327209876,-0.22473136122331505
2005-12-12,134689.3270856458,134935.1327209876,-0.18216577875982637
2005-12-12,134627.10969248228,134935.1327209876,-0.22827489201217968
2005-12-12,134609.64960140805,134935.1327209876,-0.24121451027329877
2005-12-12,134923.8625881679,134935.1327209876,-0.008352259780274075
2005-12-12,134781.99839359566,134935.1327209876,-0.11348736559854442
2005-12-12,134884.60113457657,134935.1327209876,-0.03744879883545045
2005-12-13,134860.80257607205,134935.1327209876,-0.05508583525778379
2005-12-13,134755.77226477483,134935.1327209876,-0.13292346670280894
2005-12-13,134700.18164470347,134935.1327209876,-0.17412149937997157
2005-12-13,134695.93596775137,134935.1327209876,-0.1772679571382139
2005-12-14,134946.82338361116,134946.82338361116,0.0
2005-12-15,134514.2918984578,134946.82338361116,-0.3205199457891735
2005-12-15,134536.26553443784,134946.82338361116,-0.3042367644373751
2005-12-15,134363.95418965517,134946.82338361116,-0.43192509415288804
2005-12-15,134305.6485468676,134946.82338361116,-0.47513147821264934
2005-12-15,134287.24492380864,134946.82338361116,-0.48876916348564
2005-12-16,135318.41080002725,135318.41080002725,0.0
2005-12-19,134769.96440799942,135318.41080002725,-0.4053006451859139
2005-12-19,135017.05359697092,135318.41080002725,-0.2227022925222505
2005-12-19,134858.04955188013,135318.41080002725,-0.3402059227753126
2005-12-19,134621.1840972123,135318.41080002725,-0.5152489588761934
2005-12-19,133952.06503928278,135318.41080002725,-1.0097264316558152
2005-12-19,133705.47641622124,135318.41080002725,-1.1919548672424187
2005-12-19,133533.42494112966,135318.41080002725,-1.3191005188018599
2005-12-19,133451.1990350401,135318.41080002725,-1.3798652777163525
2005-12-20,133358.12841149795,135318.41080002725,-1.4486442583383554
2005-12-20,133236.80954489083,135318.41080002725,-1.5382986267941055
2005-12-20,133093.1556196488,135318.41080002725,-1.644458553143159
2005-12-20,132941.1700043265,135318.41080002725,-1.7567755796466047
2005-12-20,132865.84542387314,135318.41080002725,-1.812440274500788
2005-12-20,132956.85360809046,135318.41080002725,-1.7451854318823543
2005-12-20,132555.53247302218,135318.41080002725,-2.0417608444190516
2005-12-21,132681.6022268133,135318.41080002725,-1.9485955810629636
2005-12-21,132844.71067398493,135318.41080002725,-1.828058806940873
2005-12-22,132990.59273562903,135318.41080002725,-1.7202522928223385
2005-12-22,133343.85170809965,135318.41080002725,-1.4591947099094975
2005-12-22,133573.68401755806,135318.41080002725,-1.289349152235864
2005-12-22,133706.94856530402,135318.41080002725,-1.1908669523947082
2005-12-22,133890.63823002356,135318.41080002725,-1.055120704982008
2005-12-22,134157.410440854,135318.41080002725,-0.8579766436135379
2005-12-23,134510.098852208,135318.41080002725,-0.597340704077416
2005-12-23,135025.5925102687,135318.41080002725,-0.21639205487808702
2005-12-23,135474.14605078954,135474.14605078954,0.0
2005-12-23,135782.9050531933,135782.9050531933,0.0
2005-12-23,135935.8604437789,135935.8604437789,0.0
2005-12-23,135738.57309416137,135935.8604437789,-0.14513267431673144
2005-12-23,135828.96054548453,135935.8604437789,-0.0786399541264328
2005-12-23,135529.29146960113,135935.8604437789,-0.2990888297248919
2005-12-23,135420.21763292182,135935.8604437789,-0.37932802218170486
2005-12-23,135507.13449954457,135935.8604437789,-0.3153884065872633
2005-12-27,135345.0940073339,135935.8604437789,-0.43459204548113733
2005-12-27,135223.3650564182,135935.8604437789,-0.524140859545568
2005-12-27,135075.49873598674,135935.8604437789,-0.6329173957360463
2005-12-27,135188.65636991445,135935.8604437789,-0.5496739943566809
2005-12-27,135154.8265326196,135935.8604437789,-0.574560611607204
2005-12-27,135184.05399653502,135935.8604437789,-0.5530596891721645
2005-12-27,135166.7752639966,135935.8604437789,-0.5657706342325912
2005-12-27,135174.2185686841,135935.8604437789,-0.5602950337080452
2005-12-27,135137.1885613828,135935.8604437789,-0.5875358274032608
2005-12-27,135119.06173745904,135935.8604437789,-0.6008706633064412
2005-12-27,135007.0347391385,135935.8604437789,-0.6832823227131722
2005-12-27,134999.60746368644,135935.8604437789,-0.6887461314740224
2005-12-27,135022.7302471783,135935.8604437789,-0.6717360625956805
2005-12-27,134889.06426039655,135935.8604437789,-0.7700662503366986
2005-12-27,134838.68157419394,135935.8604437789,-0.8071298228466587
2006-01-03,134722.29004619338,135935.8604437789,-0.8927522094785497
2006-01-03,134571.42881734844,135935.8604437789,-1.003731923258587
2006-01-03,134488.4004435713,135935.8604437789,-1.064811003867694
2006-01-05,134599.73333468588,135935.8604437789,-0.9829099582193122
2006-01-05,135054.92667611132,135935.8604437789,-0.6480510475982205
2006-01-05,135169.7581581233,135935.8604437789,-0.5635762948456435
2006-01-05,135362.29643135972,135935.8604437789,-0.42193723609553957
2006-01-06,135461.33166200656,135935.8604437789,-0.34908285438674774
2006-01-06,135493.2533950278,135935.8604437789,-0.32559991698006996
2006-01-06,135558.90178251365,135935.8604437789,-0.2773062678491224
2006-01-06,135632.37723070043,135935.8604437789,-0.22325471151446438
2006-01-06,135713.58824096154,135935.8604437789,-0.16351255812241935
2006-01-06,135867.49736786605,135935.8604437789,-0.05029068539358438
2006-01-09,135912.61708771883,135935.8604437789,-0.017098767009809886
2006-01-09,135933.5172153539,135935.8604437789,-0.001723775034296941
2006-01-09,136095.11346630743,136095.11346630743,0.0
2006-01-09,136330.66454052686,136330.66454052686,0.0
2006-01-09,136444.15251025,136444.15251025,0.0
2006-01-09,136479.44641389858,136479.44641389858,0.0
2006-01-09,136533.34020134804,136533.34020134804,0.0
2006-01-09,136660.42989498284,136660.42989498284,0.0
2006-01-09,136529.2191843451,136660.42989498284,-0.09601221856141268
2006-01-09,136577.15679717666,136660.42989498284,-0.06093431571243051
2006-01-10,136523.21894389915,136660.42989498284,-0.10040283876549284
2006-01-10,136537.55838051173,136660.42989498284,-0.08991008923762592
2006-01-11,136514.2161382457,136660.42989498284,-0.10699055816631273
2006-01-12,136472.27115517994,136660.42989498284,-0.13768340985571642
2006-01-12,136471.75544679386,136660.42989498284,-0.1380607746763009
2006-01-12,136446.6025418861,136660.42989498284,-0.15646617917202374
2006-01-12,136465.4642055092,136660.42989498284,-0.14266433204070994
2006-01-17,136477.58847390336,136660.42989498284,-0.13379251127775446
2006-01-17,136468.0677130737,136660.42989498284,-0.14075923956698427
2006-01-17,136442.1466402095,136660.42989498284,-0.1597267438285299
2006-01-17,136505.61079854766,136660.42989498284,-0.11328743554674373
2006-01-17,136501.70262467946,136660.42989498284,-0.11614720546785627
2006-01-17,136403.31832226284,136660.42989498284,-0.18813900477085593
2006-01-17,136423.53888166675,136660.42989498284,-0.17334279827607907
2006-01-17,136404.22534034884,136660.42989498284,-0.18747530271262527
2006-01-17,136316.58801526064,136660.42989498284,-0.2516031011950007
2006-01-17,136306.399447067,136660.42989498284,-0.25905849131887887
2006-01-17,136404.6024638674,136660.42989498284,-0.1871993460814002
2006-01-17,136663.91920745315,136663.91920745315,0.0
2006-01-17,136532.79146990183,136663.91920745315,-0.095949053935931
2006-01-19,136609.20799724403,136663.91920745315,-0.04003339764174995
2006-01-19,136680.23674461653,136680.23674461653,0.0
2006-01-19,136798.13171743424,136798.13171743424,0.0
2006-01-19,136869.75713185867,136869.75713185867,0.0
2006-01-19,136979.6876984372,136979.6876984372,0.0
2006-01-20,137084.4346968021,137084.4346968021,0.0
2006-01-20,137155.85452411303,137155.85452411303,0.0
2006-01-20,137247.46903446774,137247.46903446774,0.0
2006-01-20,137460.24220905328,137460.24220905328,0.0
2006-01-23,137503.99465035793,137503.99465035793,0.0
2006-01-23,137547.64577377483,137547.64577377483,0.0
2006-01-23,137421.03889891598,137547.64577377483,-0.0920458319345392
2006-01-23,137294.3034459916,137547.64577377483,-0.1841851427976504
2006-01-23,137214.63153202916,137547.64577377483,-0.24210828173197252
2006-01-23,137126.52603382402,137547.64577377483,-0.3061628118618813
2006-01-23,136967.53063234506,137547.64577377483,-0.42175577645573187
2006-01-23,136883.46341337528,137547.64577377483,-0.4828743935697212
2006-01-23,136693.17619826226,137547.64577377483,-0.6212171576661674
2006-01-23,136713.16893472386,137547.64577377483,-0.6066820223324202
2006-01-23,136631.19058202187,137547.64577377483,-0.6662819902132373
2006-01-23,136523.5991677367,137547.64577377483,-0.7445031867156554
2006-01-23,136364.06134534927,137547.64577377483,-0.8604905025944277
2006-01-23,136406.00979771078,137547.64577377483,-0.8299931050377274
2006-01-23,136466.6564520818,137547.64577377483,-0.7859017256252636
2006-01-23,136429.06534371883,137547.64577377483,-0.8132312434454395
2006-01-23,136303.69715863813,137547.64577377483,-0.9043765221417378
2006-01-23,136169.70569603916,137547.64577377483,-1.0017911029912994
2006-01-23,136164.6303413437,137547.64577377483,-1.0054809914418898
2006-01-24,136135.98824137935,137547.64577377483,-1.0263043939823104
2006-01-24,136127.4902114716,137547.64577377483,-1.032482638517106
2006-01-24,136178.2011527261,137547.64577377483,-0.9956147292415701
2006-01-24,136144.1695433689,137547.64577377483,-1.020356417233228
2006-01-25,136222.74898328428,137547.64577377483,-0.9632275296587824
2006-01-26,136290.23019787384,137547.64577377483,-0.9141672827821893
2006-01-26,136281.90126501583,137547.64577377483,-0.9202225902439489
2006-01-26,136482.4203594722,137547.64577377483,-0.7744410370022743
2006-01-30,136614.03955318555,137547.64577377483,-0.6787511449849074
2006-01-30,136643.18343995468,137547.64577377483,-0.6575629329983023
2006-01-30,136711.9130866043,137547.64577377483,-0.6075950500418328
2006-01-30,136861.96900998944,137547.64577377483,-0.49850127199786987
2006-01-30,137024.4880406518,137547.64577377483,-0.3803465556825753
2006-01-30,137218.61410318824,137547.64577377483,-0.2392128696464526
2006-01-30,137298.27121446616,137547.64577377483,-0.18130049257172423
2006-01-30,137150.66744881516,137547.64577377483,-0.2886115009286147
2006-01-30,137175.33580377122,137547.64577377483,-0.27067709367847026
2006-01-30,137225.27706873574,137547.64577377483,-0.23436875507799557
2006-01-30,137197.63366276116,137547.64577377483,-0.2544660863111639
2006-01-30,137139.08137337875,137547.64577377483,-0.29703481880601906
2006-01-30,137203.23065891277,137547.64577377483,-0.25039695366979925
2006-01-30,137183.337918056,137547.64577377483,-0.2648593901185382
2006-01-31,137182.40587121077,137547.64577377483,-0.26553700756519966
2006-02-02,137378.97789724165,137547.64577377483,-0.12262505518312046
2006-02-02,137485.25278495342,137547.64577377483,-0.045361000888392004
2006-02-02,137483.34301976618,137547.64577377483,-0.04674943991001253
2006-02-02,137720.6880852131,137720.6880852131,0.0
2006-02-06,137867.70064376714,137867.70064376714,0.0
2006-02-06,137814.6266068353,137867.70064376714,-0.03849635315885875
2006-02-06,137732.0584366423,137867.70064376714,-0.09838577599499243
2006-02-06,137725.2887916002,137867.70064376714,-0.10329602329040369
2006-02-06,138067.80565944227,138067.80565944227,0.0
2006-02-06,137902.17267702558,138067.80565944227,-0.11996495607762432
2006-02-06,137739.73116363896,138067.80565944227,-0.2376183891938796
2006-02-06,137759.80527146396,138067.80565944227,-0.2230790780712605
2006-02-06,138015.49919238559,138067.80565944227,-0.037884622564148575
2006-02-06,138166.30326724518,138166.30326724518,0.0
2006-02-07,138206.75459819345,138206.75459819345,0.0
2006-02-07,138031.44283070977,138206.75459819345,-0.12684746703832567
2006-02-07,137866.93569674745,138206.75459819345,-0.24587720219171513
2006-02-07,137754.68190189917,138206.75459819345,-0.32709884376388904
2006-02-07,137754.78884580833,138206.75459819345,-0.32702146410941624
2006-02-07,137695.34873732607,138206.75459819345,-0.370029570808014
2006-02-08,137973.11153899546,138206.75459819345,-0.16905328533128144
2006-02-09,137130.8897519082,138206.75459819345,-0.7784459228589113
2006-02-09,137719.3323817817,138206.75459819345,-0.3526761176245068
2006-02-09,137924.66968513597,138206.75459819345,-0.2041035648927437
2006-02-09,138047.38710690752,138206.75459819345,-0.11531092800004941
2006-02-10,138199.92872679455,138206.75459819345,-0.004938884078965642
2006-02-10,138521.99768480292,138521.99768480292,0.0
2006-02-10,138657.47143501588,138657.47143501588,0.0
2006-02-10,138929.95063149199,138929.95063149199,0.0
2006-02-10,138993.59917059127,138993.59917059127,0.0
2006-02-10,138373.95558493177,138993.59917059127,-0.4458072813115639
2006-02-10,138336.16692200038,138993.59917059127,-0.47299462170484907
2006-02-10,138503.5301427324,138993.59917059127,-0.3525838821235187
2006-02-13,137470.5059859045,138993.59917059127,-1.0958009532636248
2006-02-13,137112.27163153453,138993.59917059127,-1.3535353788110271
2006-02-13,135920.288612949,138993.59917059127,-2.211116609672299
2006-02-13,136533.0048040496,138993.59917059127,-1.770293294960813
2006-02-13,136108.3011642211,138993.59917059127,-2.075849552488349
2006-02-13,135873.29606766347,138993.59917059127,-2.24492575309037
2006-02-14,135302.4154338562,138993.59917059127,-2.655650158540592
2006-02-14,135425.94783162247,138993.59917059127,-2.56677383725427
2006-02-14,135500.2517477083,138993.59917059127,-2.513315320797957
2006-02-14,135716.18364273213,138993.59917059127,-2.357961479820861
2006-02-14,135471.08416100946,138993.59917059127,-2.534300162454614
2006-02-15,135544.371267604,138993.59917059127,-2.4815731973052415
2006-02-15,135538.27413616897,138993.59917059127,-2.4859598247984604
2006-02-15,136141.750351349,138993.59917059127,-2.051784280902102
2006-02-16,136881.9290856273,138993.59917059127,-1.5192570719549963
2006-02-16,137015.88462097108,138993.59917059127,-1.4228817452182723
2006-02-16,137616.23865510555,138993.59917059127,-0.990952478175087
2006-02-16,137754.3071240029,138993.59917059127,-0.8916180701726827
2006-02-16,137856.08099522188,138993.59917059127,-0.818396085976073
2006-02-16,138142.54068493724,138993.59917059127,-0.6123004877436882
2006-02-17,138338.80814724084,138993.59917059127,-0.47109437215651295
2006-02-17,138594.20761463756,138993.59917059127,-0.28734528664411857
2006-02-17,137662.1699675971,138993.59917059127,-0.9579068467462883
2006-02-17,137910.56212842185,138993.59917059127,-0.7791992211383622
2006-02-17,138157.12141712828,138993.59917059127,-0.601810269288992
2006-02-21,138239.16335927483,138993.59917059127,-0.5427845712452599
2006-02-21,138069.6558539112,138993.59917059127,-0.6647380326817087
2006-02-21,137906.4006033639,138993.59917059127,-0.7821932619307309
2006-02-21,137799.39382623634,138993.59917059127,-0.8591801000053616
2006-02-21,138051.89039761695,138993.59917059127,-0.6775195250671453
2006-02-23,138511.12142265722,138993.59917059127,-0.34712227815749647
2006-02-24,138760.6447066033,138993.59917059127,-0.1676008574337643
2006-02-24,139260.23431467646,139260.23431467646,0.0
2006-02-27,139270.81171084524,139270.81171084524,0.0
2006-02-27,138855.19972135872,139270.81171084524,-0.29842002382338495
2006-02-28,138810.14627222047,139270.81171084524,-0.33076955103931194
2006-03-01,139257.9646090114,139270.81171084524,-0.009224547251522573
2006-03-02,139112.1813575294,139270.81171084524,-0.11390064534498365
2006-03-02,139285.69671378445,139285.69671378445,0.0
2006-03-03,139402.70770192635,139402.70770192635,0.0
2006-03-03,139731.46903452152,139731.46903452152,0.0
2006-03-03,140118.44359442426,140118.44359442426,0.0
2006-03-03,140554.86432477488,140554.86432477488,0.0
2006-03-03,140750.61286630115,140750.61286630115,0.0
2006-03-06,140785.74830512726,140785.74830512726,0.0
2006-03-06,140876.59178999168,140876.59178999168,0.0
2006-03-06,140773.24783209217,140876.59178999168,-0.07335779250932911
2006-03-06,140645.13566479544,140876.59178999168,-0.16429707892229647
2006-03-06,140375.87024698948,140876.59178999168,-0.3554327490749085
2006-03-06,140365.60916387106,140876.59178999168,-0.36271648797576883
2006-03-07,140336.05982810215,140876.59178999168,-0.38369182205608354
2006-03-07,139779.18555727424,140876.59178999168,-0.7789840872594209
2006-03-08,139626.20230697267,140876.59178999168,-0.8875778914945632
2006-03-08,139653.72010116407,140876.59178999168,-0.8680446291961522
2006-03-08,139420.156916252,140876.59178999168,-1.033837385781478
2006-03-08,139524.301690292,140876.59178999168,-0.9599111410329856
2006-03-09,139937.41408710202,140876.59178999168,-0.6666669678449614
2006-03-10,139749.4575357784,140876.59178999168,-0.800086259819179
2006-03-10,139519.20312323744,140876.59178999168,-0.9635303136646953
2006-03-10,139660.61345530496,140876.59178999168,-0.8631514428595836
2006-03-10,140106.4027113548,140876.59178999168,-0.546711890776727
2006-03-10,140358.5847118256,140876.59178999168,-0.3677027329978972
2006-03-10,140566.68375667682,140876.59178999168,-0.2199854705293036
2006-03-10,140678.5524310036,140876.59178999168,-0.14057648362426772
2006-03-13,140976.27340383604,140976.27340383604,0.0
2006-03-13,141350.94106451116,141350.94106451116,0.0
2006-03-13,141508.08223308597,141508.08223308597,0.0
2006-03-13,141786.30802748623,141786.30802748623,0.0
2006-03-13,142069.24193829118,142069.24193829118,0.0
2006-03-13,142436.9822224771,142436.9822224771,0.0
2006-03-13,142476.12800413504,142476.12800413504,0.0
2006-03-13,142340.5255400048,142476.12800413504,-0.09517556802659605
2006-03-13,142176.62306988926,142476.12800413504,-0.21021411687794203
2006-03-13,142358.06301783642,142476.12800413504,-0.08286650399089374
2006-03-13,142257.83396286413,142476.12800413504,-0.15321446780514597
2006-03-13,142330.916400131,142476.12800413504,-0.10191995391663991
2006-03-13,142466.60654811078,142476.12800413504,-0.006682843054230054
2006-03-14,142786.55597212713,142786.55597212713,0.0
2006-03-14,143168.72747388,143168.72747388,0.0
2006-03-14,143362.9868197997,143362.9868197997,0.0
2006-03-14,143737.23453109193,143737.23453109193,0.0
2006-03-14,143821.59356891946,143821.59356891946,0.0
2006-03-14,143872.55263380028,143872.55263380028,0.0
2006-03-15,143876.37551402865,143876.37551402865,0.0
2006-03-15,144052.42189265703,144052.42189265703,0.0
2006-03-15,144605.73139732025,144605.73139732025,0.0
2006-03-15,144872.3229809775,144872.3229809775,0.0
2006-03-15,145656.29444256745,145656.29444256745,0.0
2006-03-17,145595.4766137725,145656.29444256745,-0.041754343008445736
2006-03-17,145190.3644989467,145656.29444256745,-0.3198831505386595
2006-03-17,145457.73196813153,145656.29444256745,-0.1363226183913504
2006-03-20,145378.51268600862,145656.29444256745,-0.1907104376243512
2006-03-21,145309.069252365,145656.29444256745,-0.23838667016162157
2006-03-21,145311.71367691254,145656.29444256745,-0.23657114646067276
2006-03-22,145623.85668443533,145656.29444256745,-0.022270069588312326
2006-03-24,145865.78718326928,145865.78718326928,0.0
2006-03-24,146876.8001008586,146876.8001008586,0.0
2006-03-27,147013.79117329378,147013.79117329378,0.0
2006-03-27,146920.87528312652,147013.79117329378,-0.0632021590802581
2006-03-27,146972.14377819764,147013.79117329378,-0.028328903542828146
2006-03-27,147006.31125394002,147013.79117329378,-0.005087903178379315
2006-03-27,146931.99341864703,147013.79117329378,-0.05563951109207487
2006-03-28,146592.33481620185,147013.79117329378,-0.28667810939936367
2006-03-28,146480.5420027888,147013.79117329378,-0.36272050822524804
2006-03-28,146554.78430286946,147013.79117329378,-0.3122202799894184
2006-03-28,146370.8785989742,147013.79117329378,-0.4373144649822258
2006-03-28,145894.92250271785,147013.79117329378,-0.7610637489492778
2006-03-28,145688.52424249906,147013.79117329378,-0.9014575572930786
2006-03-28,145636.43237541252,147013.79117329378,-0.9368908773039422
2006-03-29,145648.2393044764,147013.79117329378,-0.9288597062351346
2006-03-29,146071.83873477526,147013.79117329378,-0.6407238606670491
2006-03-30,146339.6123521696,147013.79117329378,-0.4585820253621454
2006-03-30,146519.5330184444,147013.79117329378,-0.33619849600828616
2006-03-31,146001.37753147638,147013.79117329378,-0.6886521555137713
2006-03-31,145921.30155026214,147013.79117329378,-0.7431205020377004
2006-03-31,146166.85165329705,147013.79117329378,-0.5760952855085469
2006-03-31,146839.19084344458,147013.79117329378,-0.11876459239350406
2006-04-03,146711.68625873068,147013.79117329378,-0.20549426836220286
2006-04-03,146602.21852904084,147013.79117329378,-0.2799551259567182
2006-04-03,146577.44586078753,147013.79117329378,-0.29680570035222453
2006-04-03,146684.73190225748,147013.79117329378,-0.22382884517848844
2006-04-03,146770.39487483664,147013.79117329378,-0.16556018079299464
2006-04-03,147227.8403955275,147227.8403955275,0.0
2006-04-03,147527.97194085811,147527.97194085811,0.0
2006-04-03,147698.3447677445,147698.3447677445,0.0
2006-04-03,147653.06355538336,147698.3447677445,-0.03065790102953136
2006-04-03,147701.85757069703,147701.85757069703,0.0
2006-04-03,147799.47798780364,147799.47798780364,0.0
2006-04-03,147946.21161867972,147946.21161867972,0.0
2006-04-03,147876.9819461662,147946.21161867972,-0.046793812261957834
2006-04-04,147933.32868876346,147946.21161867972,-0.008707847112344824
2006-04-04,147865.43832562957,147946.21161867972,-0.054596391598278074
2006-04-04,147888.44349147583,147946.21161867972,-0.03904670932215751
2006-04-05,148357.24324003942,148357.24324003942,0.0
2006-04-07,147383.55718925534,148357.24324003942,-0.6563117711810462
2006-04-10,147462.82749418588,148357.24324003942,-0.6028797289030133
2006-04-10,147503.75674006867,148357.24324003942,-0.5752914258387933
2006-04-10,147290.76993929647,148357.24324003942,-0.7188548920509468
2006-04-10,147341.8688951416,148357.24324003942,-0.6844117096830573
2006-04-10,147234.0924791169,148357.24324003942,-0.7570582577523933
2006-04-10,147146.80753990484,148357.24324003942,-0.8158925534738565
2006-04-10,147051.7967707887,148357.24324003942,-0.8799344344371024
2006-04-10,147020.23723435437,148357.24324003942,-0.9012070974666174
2006-04-10,146941.47997693782,148357.24324003942,-0.9542933207588132
2006-04-10,146888.75367521273,148357.24324003942,-0.9898334134253846
2006-04-11,146846.02117956747,148357.24324003942,-1.0186371945634072
2006-04-11,146750.76882504276,148357.24324003942,-1.0828419158459355
2006-04-11,146670.60968685336,148357.24324003942,-1.1368730749850275
2006-04-11,146510.2297808427,148357.24324003942,-1.2449769346335766
2006-04-12,146771.20005222075,148357.24324003942,-1.0690702746831677
2006-04-12,146670.8893563237,148357.24324003942,-1.1366845641552086
2006-04-13,146701.25114379416,148357.24324003942,-1.1162192422016723
2006-04-17,146779.96996029755,148357.24324003942,-1.063158929955224
2006-04-17,146739.11166130254,148357.24324003942,-1.0906994113652893
2006-04-17,146794.91175829477,148357.24324003942,-1.0530874311386516
2006-04-17,146723.04578626217,148357.24324003942,-1.1015285927989
2006-04-17,146673.33130793643,148357.24324003942,-1.1350385699594367
2006-04-17,146737.74784078705,148357.24324003942,-1.0916186927469735
2006-04-17,146976.76484308104,148357.24324003942,-0.9305096042562552
2006-04-17,147106.57024854474,148357.24324003942,-0.8430144455239776
2006-04-17,147220.42877610278,148357.24324003942,-0.7662682583669276
2006-04-17,147125.21540062965,148357.24324003942,-0.8304467058722372
2006-04-17,147136.00173576197,148357.24324003942,-0.8231761912032192
2006-04-17,147157.69304474106,148357.24324003942,-0.8085551935994861
2006-04-17,147189.01046153685,148357.24324003942,-0.7874457309862449
2006-04-17,147096.72814775753,148357.24324003942,-0.8496485003043601
2006-04-17,147141.01243861573,148357.24324003942,-0.8197987336930029
2006-04-17,147198.26438011898,148357.24324003942,-0.7812081396290342
2006-04-17,147151.40507319933,148357.24324003942,-0.8127935923486111
2006-04-17,147199.49942626702,148357.24324003942,-0.780375658436296
2006-04-17,147237.041034662,148357.24324003942,-0.7550707878583047
2006-04-17,147263.49102734012,148357.24324003942,-0.7372422059161797
2006-04-17,147254.55273186692,148357.24324003942,-0.7432670519418888
2006-04-17,147333.81067896483,148357.24324003942,-0.6898433394442975
2006-04-17,147267.16995074204,148357.24324003942,-0.7347624325518479
2006-04-17,147311.71857892055,148357.24324003942,-0.7047344897257377
2006-04-17,147292.8046361558,148357.24324003942,-0.7174834073732188
2006-04-17,147249.0446813612,148357.24324003942,-0.7469797459670806
2006-04-17,147024.4852416454,148357.24324003942,-0.8983437338732725
2006-04-18,147094.66704904352,148357.24324003942,-0.8510377811166727
2006-04-19,147120.48176824857,148357.24324003942,-0.8336374044034947
2006-04-19,147206.58614335366,148357.24324003942,-0.7755988663283608
2006-04-20,147332.23227902243,148357.24324003942,-0.6909072577997014
2006-04-20,147411.21547964672,148357.24324003942,-0.637668737792626
2006-04-20,147440.60817445672,148357.24324003942,-0.6178566314417139
2006-04-20,147590.40421860604,148357.24324003942,-0.5168868096265752
2006-04-20,147830.2182139843,148357.24324003942,-0.3552405090207789
2006-04-21,147960.063344972,148357.24324003942,-0.26771857335255467
2006-04-24,148015.8261063308,148357.24324003942,-0.23013175915935769
2006-04-27,148066.40759816288,148357.24324003942,-0.19603737271254462
2006-04-27,148697.35959572607,148697.35959572607,0.0
2006-04-27,148805.09689857124,148805.09689857124,0.0
2006-04-27,148858.30518328067,148858.30518328067,0.0
2006-04-27,148938.19989812485,148938.19989812485,0.0
2006-04-28,148831.97426314562,148938.19989812485,-0.07132195437563299
2006-05-01,148953.04286366008,148953.04286366008,0.0
2006-05-01,149027.8870854483,149027.8870854483,0.0
2006-05-01,149119.1479416908,149119.1479416908,0.0
2006-05-01,149214.41269220042,149214.41269220042,0.0
2006-05-01,149541.05144840467,149541.05144840467,0.0
2006-05-01,149615.85210536903,149615.85210536903,0.0
2006-05-01,149503.0604739854,149615.85210536903,-0.07538748721907601
2006-05-01,149574.7478358659,149615.85210536903,-0.02747320482736868
2006-05-01,149500.47910660616,149615.85210536903,-0.07711281735148143
2006-05-01,149633.14176218605,149633.14176218605,0.0
2006-05-01,149772.8139236351,149772.8139236351,0.0
2006-05-01,149606.20701826643,149772.8139236351,-0.11123975106298578
2006-05-01,149536.96371227244,149772.8139236351,-0.15747197717933503
2006-05-01,149532.21946346684,149772.8139236351,-0.1606396073261624
2006-05-01,149357.35883247366,149772.8139236351,-0.27739018869824955
2006-05-01,148967.8719692941,149772.8139236351,-0.5374419651028495
2006-05-01,148831.95628721872,149772.8139236351,-0.6281898642140126
2006-05-01,148809.26301108405,149772.8139236351,-0.6433416634893065
2006-05-01,148782.15959253412,149772.8139236351,-0.6614380174536179
2006-05-01,148795.6363195819,149772.8139236351,-0.6524399044485026
2006-05-01,148752.71896617982,149772.8139236351,-0.6810948734497381
2006-05-02,148835.9553874705,149772.8139236351,-0.6255197532993558
2006-05-02,148943.01790967316,149772.8139236351,-0.554036471789228
2006-05-02,148996.68296775766,149772.8139236351,-0.5182054977435218
2006-05-02,149066.26064419487,149772.8139236351,-0.47175001986708365
2006-05-02,149066.9401979039,149772.8139236351,-0.4712962968640769
2006-05-03,149201.56989054428,149772.8139236351,-0.3814070244965081
2006-05-04,149242.4912964701,149772.8139236351,-0.3540847055430246
2006-05-04,149443.9321344859,149772.8139236351,-0.2195871069878604
2006-05-04,150216.80571424658,150216.80571424658,0.0
2006-05-04,150538.52314722713,150538.52314722713,0.0
2006-05-05,150835.60066253654,150835.60066253654,0.0
2006-05-05,151065.64361831977,151065.64361831977,0.0
2006-05-05,151241.8905181949,151241.8905181949,0.0
2006-05-05,151442.46581706862,151442.46581706862,0.0
2006-05-05,151749.89304583837,151749.89304583837,0.0
2006-05-05,152060.6587252537,152060.6587252537,0.0
2006-05-05,152119.62593056654,152119.62593056654,0.0
2006-05-08,152083.54013548166,152119.62593056654,-0.023721985157496142
2006-05-08,152479.62250586072,152479.62250586072,0.0
2006-05-08,152225.85763683933,152479.62250586072,-0.16642543105170896
2006-05-08,152200.39348510138,152479.62250586072,-0.18312546697747395
2006-05-08,152513.93756792965,152513.93756792965,0.0
2006-05-08,152423.09454804432,152513.93756792965,-0.05956374960476626
2006-05-08,153107.37936033378,153107.37936033378,0.0
2006-05-08,152693.87014520945,153107.37936033378,-0.27007791319525354
2006-05-08,152493.34211929847,153107.37936033378,-0.401050062773393
2006-05-08,152517.70005312958,153107.37936033378,-0.38514100996818207
2006-05-08,152730.3151374496,153107.37936033378,-0.2462743627769763
2006-05-08,152559.4554615347,153107.37936033378,-0.35786903354250477
2006-05-08,152535.7427341018,153107.37936033378,-0.37335667857435445
2006-05-08,152349.29322486097,153107.37936033378,-0.4951336366934199
2006-05-08,152162.7943150083,153107.37936033378,-0.6169428601494308
2006-05-08,152211.87833916757,153107.37936033378,-0.5848842981360682
2006-05-08,152221.8025318105,153107.37936033378,-0.5784024468468614
2006-05-08,153244.08853832856,153244.08853832856,0.0
2006-05-09,152567.85889701417,153244.08853832856,-0.44127616782115375
2006-05-09,152535.85384436356,153244.08853832856,-0.46216118397797884
2006-05-10,152310.31266097724,153244.08853832856,-0.6093389221456127
2006-05-10,152657.74960826008,153244.08853832856,-0.3826176498298188
2006-05-15,153273.1853887972,153273.1853887972,0.0
2006-05-15,153171.03271365497,153273.1853887972,-0.06664745361890748
2006-05-15,152121.27611452254,153273.1853887972,-0.7515399848660361
2006-05-15,152120.37619210003,153273.1853887972,-0.7521271211092276
2006-05-15,152372.55060315932,153273.1853887972,-0.5876010101527507
2006-05-15,152051.18704491315,153273.1853887972,-0.7972681854195738
2006-05-15,151994.8553410467,153273.1853887972,-0.8340206700264285
2006-05-15,151689.4060799715,153273.1853887972,-1.0333048829175449
2006-05-15,151306.8161514766,153273.1853887972,-1.282917969201616
2006-05-16,151256.22681875745,153273.1853887972,-1.3159239595128582
2006-05-16,150881.84674093002,153273.1853887972,-1.560180694229872
2006-05-16,150694.15282653968,153273.1853887972,-1.6826378049855686
2006-05-16,150290.9592232042,153273.1853887972,-1.9456933435735606
2006-05-16,150454.99290448762,153273.1853887972,-1.8386728749460437
2006-05-16,150342.00557509516,153273.1853887972,-1.91238918031665
2006-05-16,149535.97297162883,153273.1853887972,-2.4382689037801666
2006-05-16,148816.54329046697,153273.1853887972,-2.9076462963990575
2006-05-16,148249.77931592832,153273.1853887972,-3.277420026292506
2006-05-16,147713.79494848542,153273.1853887972,-3.6271122220169607
2006-05-16,147742.48207399432,153273.1853887972,-3.608395885277343
2006-05-16,147848.6779501449,153273.1853887972,-3.539110526666711
2006-05-16,146670.65718049058,153273.1853887972,-4.307686430316202
2006-05-16,146653.79482319037,153273.1853887972,-4.318687935411459
2006-05-16,146222.6019806148,153273.1853887972,-4.600011013209966
2006-05-16,145825.70911374214,153273.1853887972,-4.858955763308223
2006-05-16,145672.91000938287,153273.1853887972,-4.958646458697418
2006-05-16,145350.65935630247,153273.1853887972,-5.168892401106053
2006-05-16,144675.16928450132,153273.1853887972,-5.609602281368331
2006-05-17,144840.01622239035,153273.1853887972,-5.502051219862776
2006-05-18,143838.67209931326,153273.1853887972,-6.155358007046095
2006-05-19,144338.5541882912,153273.1853887972,-5.8292200151266895
2006-05-19,144753.71612633156,153273.1853887972,-5.558355977828019
2006-05-19,144864.6743661853,153273.1853887972,-5.485963511022902
2006-05-19,145258.947840758,153273.1853887972,-5.228727730626894
2006-05-22,144495.35775177187,153273.1853887972,-5.726916691108911
2006-05-22,144284.34781690547,153273.1853887972,-5.864585869400689
2006-05-22,144060.15538879333,153273.1853887972,-6.010855699667121
2006-05-22,143477.8346349578,153273.1853887972,-6.390779136606459
2006-05-22,143857.9466415239,153273.1853887972,-6.142782720532846
2006-05-22,142866.09715306887,153273.1853887972,-6.789894924757651
2006-05-22,142064.22128612324,153273.1853887972,-7.31306266927315
2006-05-22,141636.1560837079,153273.1853887972,-7.592345181298652
2006-05-22,140971.5959883688,153273.1853887972,-8.025924018753729
2006-05-22,140218.3522100298,153273.1853887972,-8.517362737423454
2006-05-22,139297.04341048538,153273.1853887972,-9.11845209118577
2006-05-22,138467.5796013313,153273.1853887972,-9.659619032454748
2006-05-22,137887.70940622131,153273.1853887972,-10.037943651753983
2006-05-23,137589.9939835538,153273.1853887972,-10.232182077681069
2006-05-23,137597.62870916483,153273.1853887972,-10.227200954863239
2006-05-23,136822.8232814069,153273.1853887972,-10.732707137038902
2006-05-23,136663.469160212,153273.1853887972,-10.836674521021084
2006-05-23,136191.9013773177,153273.1853887972,-11.14433941471929
2006-05-23,135678.60810625713,153273.1853887972,-11.479227262034875
2006-05-23,135223.37512940954,153273.1853887972,-11.776234840818361
2006-05-23,134543.6748546886,153273.1853887972,-12.219691583102922
2006-05-23,133939.4375589061,153273.1853887972,-12.613914026023899
2006-05-24,133600.24456149834,153273.1853887972,-12.835213659451195
2006-05-25,133107.79372240911,153273.1853887972,-13.156503282185964
2006-05-25,133063.3899761371,153273.1853887972,-13.185473611313897
